,El-array,Spa.1,Spa.2,Spa.3,Spa.4,Rho ,Dev., M  ,Sp  ,Vp  ,In  
,Schlum. VES,0.00,10.50,3.50,7.00,1.83,0.06,0.00,10.83,98.076,1175.550
,Schlum. VES,0.00,24.50,10.50,14.00,9.22,3.29,0.00,-593.38,87.090,1246.145
,Schlum. VES,0.00,31.50,14.00,17.50,6.35,0.20,0.00,-57.12,12.231,423.557
,Schlum. VES,0.00,21.00,7.00,14.00,8.03,0.05,0.00,-23.53,204.511,1119.486
,Schlum. VES,0.00,35.00,14.00,21.00,6.64,29.32,0.00,528.77,8.231,163.645
,Schlum. VES,0.00,49.00,21.00,28.00,12.38,13.58,0.00,-393.06,0.850,18.117
,Schlum. VES,0.00,63.00,28.00,35.00,6.77,8.02,0.00,220.90,1.552,100.842
,Schlum. VES,0.00,77.00,35.00,42.00,31.26,2.71,0.00,-305.86,3.151,66.504
,Schlum. VES,0.00,17.50,3.50,14.00,4.29,0.05,0.00,-12.12,208.050,711.783
,Schlum. VES,0.00,31.50,10.50,21.00,7.05,0.06,0.00,-9.82,35.389,331.386
,Schlum. VES,0.00,45.50,17.50,28.00,10.93,59.02,0.00,-400.92,0.349,4.676
,Schlum. VES,0.00,59.50,24.50,35.00,8.57,0.37,0.00,-141.21,3.039,90.981
,Schlum. VES,0.00,73.50,31.50,42.00,149.57,4.38,0.00,-450.82,2.702,7.151
,Schlum. VES,0.00,80.50,35.00,45.50,7.77,3.00,0.00,-18.54,3.879,237.868
,Schlum. VES,0.00,49.00,17.50,31.50,11.11,0.45,0.00,-17.80,1.660,18.481
,Schlum. VES,0.00,63.00,24.50,38.50,19.69,0.07,0.00,-227.57,9.465,101.739
,Schlum. VES,0.00,77.00,31.50,45.50,16.53,1.14,0.00,-240.02,3.415,66.419
,Schlum. VES,0.00,38.50,10.50,28.00,14.55,0.09,0.00,-256.75,2.578,9.349
,Schlum. VES,0.00,52.50,17.50,35.00,9.75,0.00,0.00,-207.73,10.743,121.148
,Schlum. VES,0.00,66.50,24.50,42.00,26.06,1.32,0.00,-332.07,3.504,24.840
,Schlum. VES,0.00,73.50,28.00,45.50,82.46,2.20,0.00,-2.29,2.658,7.372
,Schlum. VES,0.00,80.50,31.50,49.00,4.44,0.23,0.00,-84.08,3.771,235.423
,Schlum. VES,0.00,56.00,17.50,38.50,15.65,0.25,0.00,-184.85,15.502,99.828
,Schlum. VES,0.00,70.00,24.50,45.50,20.16,1.49,0.00,-210.82,3.955,32.715
,Schlum. VES,0.00,45.50,10.50,35.00,13.70,0.41,0.00,-190.33,1.396,4.800
,Schlum. VES,0.00,59.50,17.50,42.00,12.13,2.49,0.00,-355.62,11.859,92.167
,Schlum. VES,0.00,73.50,24.50,49.00,30.57,0.80,0.00,-60.57,1.494,7.526
,Schlum. VES,0.00,80.50,28.00,52.50,4.21,0.44,0.00,188.84,5.205,232.861
,Schlum. VES,0.00,35.00,3.50,31.50,24.61,0.02,0.00,196.67,199.408,100.231
,Schlum. VES,0.00,63.00,17.50,45.50,11.30,0.33,0.00,-157.28,12.953,102.425
,Schlum. VES,0.00,77.00,24.50,52.50,5.80,0.25,0.00,-17.29,2.664,66.300
,Schlum. VES,0.00,52.50,10.50,42.00,16.48,0.18,0.00,-337.52,45.832,122.321
,Schlum. VES,0.00,66.50,17.50,49.00,13.91,23.95,0.00,-73.40,4.074,25.058
,Schlum. VES,0.00,80.50,24.50,56.00,5.23,0.38,0.00,-17.58,8.800,230.299
,Schlum. VES,3.50,14.00,7.00,10.50,3.00,0.05,0.00,202.55,113.061,829.361
,Schlum. VES,3.50,28.00,14.00,17.50,7.94,5.51,0.00,-282.09,46.887,778.752
,Schlum. VES,3.50,35.00,17.50,21.00,6.78,0.38,0.00,-69.45,5.020,162.933
,Schlum. VES,3.50,24.50,10.50,17.50,9.39,0.06,0.00,0.03,212.018,993.106
,Schlum. VES,3.50,38.50,17.50,24.50,19.28,143.47,0.00,320.32,1.351,9.244
,Schlum. VES,3.50,52.50,24.50,31.50,11.63,1.90,0.00,-284.28,5.404,122.580
,Schlum. VES,3.50,66.50,31.50,38.50,109.08,7.21,0.00,9.56,6.255,25.222
,Schlum. VES,3.50,80.50,38.50,45.50,-2.80,12.45,0.00,-107.96,-0.957,225.428
,Schlum. VES,3.50,21.00,7.00,17.50,7.42,0.03,0.00,175.82,202.225,399.538
,Schlum. VES,3.50,35.00,14.00,24.50,12.68,0.53,0.00,87.67,26.083,135.746
,Schlum. VES,3.50,49.00,21.00,31.50,13.37,13.99,0.00,-287.87,1.676,18.381
,Schlum. VES,3.50,63.00,28.00,38.50,20.85,0.09,0.00,-111.82,8.304,102.196
,Schlum. VES,3.50,77.00,35.00,45.50,22.37,2.56,0.00,-304.08,3.724,65.893
,Schlum. VES,3.50,52.50,21.00,35.00,11.42,0.05,0.00,-62.74,11.392,123.422
,Schlum. VES,3.50,66.50,28.00,42.00,30.09,1.54,0.00,-264.26,3.609,25.385
,Schlum. VES,3.50,80.50,35.00,49.00,4.59,1.78,0.00,-70.27,3.202,224.144
,Schlum. VES,3.50,42.00,14.00,31.50,17.71,0.16,0.00,-74.66,2.801,8.347
,Schlum. VES,3.50,56.00,21.00,38.50,18.03,4.77,0.00,-221.74,16.316,99.528
,Schlum. VES,3.50,70.00,28.00,45.50,23.70,0.86,0.00,-138.54,4.229,32.964
,Schlum. VES,3.50,77.00,31.50,49.00,7.84,2.12,0.00,5.78,2.248,65.559
,Schlum. VES,3.50,59.50,21.00,42.00,13.10,0.68,0.00,-254.39,11.993,92.304
,Schlum. VES,3.50,73.50,28.00,49.00,31.16,0.45,0.00,13.85,1.440,7.708
,Schlum. VES,3.50,49.00,14.00,38.50,45.31,0.06,0.00,-135.60,17.744,18.455
,Schlum. VES,3.50,63.00,21.00,45.50,12.52,1.12,0.00,-252.40,13.646,102.761
,Schlum. VES,3.50,77.00,28.00,52.50,4.86,1.36,0.00,136.82,2.060,65.194
,Schlum. VES,3.50,38.50,7.00,35.00,45.61,0.07,0.00,147.40,33.660,9.130
,Schlum. VES,3.50,66.50,21.00,49.00,13.62,1.68,0.00,-36.44,3.888,25.499
,Schlum. VES,3.50,80.50,28.00,56.00,4.36,0.03,0.00,-393.54,6.703,221.648
,Schlum. VES,3.50,56.00,14.00,45.50,33.38,0.06,0.00,-186.03,75.872,99.956
,Schlum. VES,3.50,70.00,21.00,52.50,8.56,7.10,0.00,0.81,3.322,33.205
,Schlum. VES,7.00,17.50,10.50,14.00,4.44,0.00,0.00,-7.10,197.259,976.437
,Schlum. VES,7.00,31.50,17.50,21.00,7.80,9.94,0.00,-327.65,19.369,327.793
,Schlum. VES,7.00,38.50,21.00,24.50,18.11,1.02,0.00,17.37,0.750,9.109
,Schlum. VES,7.00,28.00,14.00,21.00,9.45,0.08,0.00,42.13,177.795,827.615
,Schlum. VES,7.00,42.00,21.00,28.00,28.86,140.30,0.00,295.12,1.733,7.924
,Schlum. VES,7.00,56.00,28.00,35.00,9.14,3.95,0.00,-250.35,3.495,100.866
,Schlum. VES,7.00,70.00,35.00,42.00,42.67,12.83,0.00,-42.19,3.251,33.509
,Schlum. VES,7.00,24.50,10.50,21.00,10.47,0.03,0.00,12.63,186.398,261.053
,Schlum. VES,7.00,38.50,17.50,28.00,17.85,0.56,0.00,-41.48,2.461,9.097
,Schlum. VES,7.00,52.50,24.50,35.00,11.68,2.52,0.00,-340.60,9.921,124.573
,Schlum. VES,7.00,66.50,31.50,42.00,34.29,0.92,0.00,-253.21,3.428,25.647
,Schlum. VES,7.00,80.50,38.50,49.00,-4.02,4.81,0.00,-38.08,-2.261,222.592
,Schlum. VES,7.00,56.00,24.50,38.50,18.22,0.70,0.00,-209.12,14.905,101.194
,Schlum. VES,7.00,70.00,31.50,45.50,25.78,1.54,0.00,-255.35,4.106,33.712
,Schlum. VES,7.00,45.50,17.50,35.00,15.99,0.19,0.00,-191.06,1.510,4.986
,Schlum. VES,7.00,59.50,24.50,42.00,13.50,2.29,0.00,-362.62,11.477,93.472
,Schlum. VES,7.00,73.50,31.50,49.00,33.12,1.02,0.00,-68.56,1.408,7.856
,Schlum. VES,7.00,80.50,35.00,52.50,3.11,0.98,0.00,164.14,3.068,225.469
,Schlum. VES,7.00,63.00,24.50,45.50,12.21,0.54,0.00,-191.77,12.552,103.652
,Schlum. VES,7.00,77.00,31.50,52.50,4.16,0.80,0.00,44.65,1.634,65.588
,Schlum. VES,7.00,52.50,17.50,42.00,17.05,0.25,0.00,-330.97,45.441,125.604
,Schlum. VES,7.00,66.50,24.50,49.00,14.57,23.71,0.00,-118.14,3.981,25.756
,Schlum. VES,7.00,80.50,31.50,56.00,3.66,0.49,0.00,45.47,5.306,223.341
,Schlum. VES,7.00,42.00,10.50,38.50,12294.72,0.35,0.00,-67.66,213.664,0.215
,Schlum. VES,7.00,70.00,24.50,52.50,8.15,3.42,0.00,126.02,3.090,33.876
,Schlum. VES,7.00,59.50,17.50,49.00,34.01,0.06,0.00,-122.60,72.934,94.320
,Schlum. VES,7.00,73.50,24.50,56.00,9.67,3.44,0.00,-63.10,0.900,7.959
,Schlum. VES,10.50,21.00,14.00,17.50,7.32,0.04,0.00,146.59,210.727,632.765
,Schlum. VES,10.50,35.00,21.00,24.50,21.51,13.29,0.00,-300.52,18.930,116.131
,Schlum. VES,10.50,42.00,24.50,28.00,22.81,0.55,0.00,-62.45,0.833,8.030
,Schlum. VES,10.50,31.50,17.50,24.50,18.16,0.09,0.00,-11.46,130.731,316.700
,Schlum. VES,10.50,45.50,24.50,31.50,60.83,260.49,0.00,269.99,1.351,2.931
,Schlum. VES,10.50,59.50,31.50,38.50,22.08,1.24,0.00,-327.60,7.896,94.355
,Schlum. VES,10.50,73.50,38.50,45.50,-102.99,19.35,0.00,74.33,-1.882,8.038
,Schlum. VES,10.50,28.00,14.00,24.50,20.06,0.03,0.00,113.86,190.808,139.435
,Schlum. VES,10.50,42.00,21.00,31.50,23.64,0.43,0.00,-0.37,2.858,7.976
,Schlum. VES,10.50,56.00,28.00,38.50,19.32,4.81,0.00,-308.63,13.255,100.610
,Schlum. VES,10.50,70.00,35.00,45.50,29.72,0.97,0.00,-116.29,3.933,33.952
,Schlum. VES,10.50,59.50,28.00,42.00,13.89,0.59,0.00,-226.36,10.660,94.950
,Schlum. VES,10.50,73.50,35.00,49.00,36.66,1.02,0.00,-51.65,1.402,8.096
,Schlum. VES,10.50,49.00,21.00,38.50,44.98,0.41,0.00,-216.19,15.328,17.983
,Schlum. VES,10.50,63.00,28.00,45.50,12.60,0.72,0.00,-226.06,11.840,103.287
,Schlum. VES,10.50,77.00,35.00,52.50,4.26,1.36,0.00,15.47,1.501,65.111
,Schlum. VES,10.50,66.50,28.00,49.00,13.97,4.53,0.00,-34.08,3.577,25.804
,Schlum. VES,10.50,80.50,35.00,56.00,3.67,0.35,0.00,-444.37,4.774,217.010
,Schlum. VES,10.50,56.00,21.00,45.50,30.86,0.04,0.00,-224.49,66.041,100.847
,Schlum. VES,10.50,70.00,28.00,52.50,8.12,6.44,0.00,-57.28,2.938,34.078
,Schlum. VES,10.50,45.50,14.00,42.00,3587.42,0.14,0.00,-102.63,209.598,0.723
,Schlum. VES,10.50,73.50,28.00,56.00,9.32,24.73,0.00,138.47,0.854,8.180
,Schlum. VES,10.50,63.00,21.00,52.50,15.29,0.04,0.00,-81.24,36.117,103.876
,Schlum. VES,10.50,77.00,28.00,59.50,6.69,0.52,0.00,61.06,5.074,64.822
,Schlum. VES,14.00,24.50,17.50,21.00,11.59,0.07,0.00,18.27,206.937,392.808
,Schlum. VES,14.00,38.50,24.50,28.00,21.33,125.85,0.00,-354.82,1.408,8.714
,Schlum. VES,14.00,45.50,28.00,31.50,21.00,0.31,0.00,14.40,0.493,5.161
,Schlum. VES,14.00,35.00,21.00,28.00,28.03,0.18,0.00,-25.29,62.579,98.207
,Schlum. VES,14.00,49.00,28.00,35.00,28.99,162.75,0.00,244.59,2.258,10.279
,Schlum. VES,14.00,63.00,35.00,42.00,15.64,3.15,0.00,-365.30,6.101,102.926
,Schlum. VES,14.00,77.00,42.00,49.00,-3.83,69.53,0.00,262.61,-0.559,64.207
,Schlum. VES,14.00,31.50,17.50,28.00,25.41,0.00,0.00,-22.80,205.230,118.412
,Schlum. VES,14.00,45.50,24.50,35.00,21.65,0.51,0.00,-92.16,1.710,5.211
,Schlum. VES,14.00,59.50,31.50,42.00,14.99,1.38,0.00,-478.32,9.625,94.111
,Schlum. VES,14.00,73.50,38.50,49.00,-108.14,1.74,0.00,74.74,-3.478,8.252
,Schlum. VES,14.00,63.00,31.50,45.50,12.87,0.95,0.00,-164.67,10.749,103.299
,Schlum. VES,14.00,77.00,38.50,52.50,-11.35,0.23,0.00,36.01,-3.427,63.917
,Schlum. VES,14.00,52.50,24.50,42.00,20.76,0.15,0.00,-361.08,48.114,122.330
,Schlum. VES,14.00,66.50,31.50,49.00,15.40,22.50,0.00,-135.07,3.613,25.793
,Schlum. VES,14.00,80.50,38.50,56.00,0.18,7.03,0.00,45.14,0.207,213.468
,Schlum. VES,14.00,70.00,31.50,52.50,7.92,4.32,0.00,92.00,2.677,34.085
,Schlum. VES,14.00,59.50,24.50,49.00,31.56,0.05,0.00,-132.58,63.409,94.668
,Schlum. VES,14.00,73.50,31.50,56.00,9.28,2.35,0.00,-157.59,0.817,8.302
,Schlum. VES,14.00,49.00,17.50,45.50,367.93,0.13,0.00,-104.50,203.904,6.855
,Schlum. VES,14.00,77.00,31.50,59.50,6.44,8.01,0.00,268.73,4.598,63.816
,Schlum. VES,14.00,66.50,24.50,56.00,15.71,0.10,0.00,-163.20,9.246,25.888
,Schlum. VES,14.00,80.50,31.50,63.00,5.82,0.18,0.00,61.77,14.371,211.092
,Schlum. VES,17.50,28.00,21.00,24.50,28.80,0.00,0.00,90.98,193.174,147.500
,Schlum. VES,17.50,42.00,28.00,31.50,20.37,172.64,0.00,-246.96,1.174,7.606
,Schlum. VES,17.50,49.00,31.50,35.00,16.96,0.29,0.00,-69.92,1.358,17.599
,Schlum. VES,17.50,38.50,24.50,31.50,32.63,0.06,0.00,-21.57,6.311,8.506
,Schlum. VES,17.50,52.50,31.50,38.50,30.70,125.70,0.00,114.69,6.212,26.703
,Schlum. VES,17.50,66.50,38.50,45.50,-5.70,38.61,0.00,-135.58,-0.561,25.987
,Schlum. VES,17.50,80.50,45.50,52.50,-0.64,59.53,0.00,245.32,-0.310,212.904
,Schlum. VES,17.50,35.00,21.00,31.50,33.74,0.16,0.00,51.94,173.395,75.348
,Schlum. VES,17.50,49.00,28.00,38.50,48.52,0.30,0.00,-146.64,12.988,17.659
,Schlum. VES,17.50,63.00,35.00,45.50,14.14,2.92,0.00,-340.78,10.035,104.053
,Schlum. VES,17.50,77.00,42.00,52.50,-5.51,4.83,0.00,220.88,-1.373,63.978
,Schlum. VES,17.50,66.50,35.00,49.00,15.42,1.81,0.00,-54.86,3.252,26.089
,Schlum. VES,17.50,80.50,42.00,56.00,1.95,3.03,0.00,95.58,1.936,210.218
,Schlum. VES,17.50,56.00,28.00,45.50,28.26,0.07,0.00,-201.70,53.585,100.092
,Schlum. VES,17.50,70.00,35.00,52.50,8.18,5.66,0.00,-71.51,2.547,34.244
,Schlum. VES,17.50,73.50,35.00,56.00,9.33,66.24,0.00,201.05,0.778,8.407
,Schlum. VES,17.50,63.00,28.00,52.50,16.20,0.04,0.00,-48.57,35.936,104.505
,Schlum. VES,17.50,77.00,35.00,59.50,6.46,0.28,0.00,-43.61,4.400,64.226
,Schlum. VES,17.50,52.50,21.00,49.00,562.75,0.03,0.00,36.88,208.628,4.586
,Schlum. VES,17.50,80.50,35.00,63.00,5.83,3.28,0.00,368.24,13.587,208.250
,Schlum. VES,17.50,70.00,28.00,59.50,14.23,0.09,0.00,-26.87,11.118,34.372
,Schlum. VES,21.00,31.50,24.50,28.00,35.41,0.05,0.00,6.46,204.740,127.148
,Schlum. VES,21.00,45.50,31.50,35.00,2.71,2930.94,0.00,-321.53,0.091,4.412
,Schlum. VES,21.00,52.50,35.00,38.50,25.73,0.22,0.00,-124.22,14.558,124.408
,Schlum. VES,21.00,42.00,28.00,35.00,34.60,0.08,0.00,3.52,5.802,7.376
,Schlum. VES,21.00,56.00,35.00,42.00,52.02,201.63,0.00,86.74,5.494,13.934
,Schlum. VES,21.00,70.00,42.00,49.00,-2.71,33.95,0.00,60.90,-0.354,34.540
,Schlum. VES,21.00,38.50,24.50,35.00,50.22,0.00,0.00,1.49,28.411,8.293
,Schlum. VES,21.00,52.50,31.50,42.00,21.42,1.84,0.00,-245.12,40.737,125.494
,Schlum. VES,21.00,66.50,38.50,49.00,-9.26,23.98,0.00,-42.30,-1.655,26.189
,Schlum. VES,21.00,80.50,45.50,56.00,1.48,5.28,0.00,111.56,1.211,209.635
,Schlum. VES,21.00,70.00,38.50,52.50,-9.10,3.85,0.00,298.31,-2.549,34.672
,Schlum. VES,21.00,59.50,31.50,49.00,27.89,0.03,0.00,-111.31,50.482,95.522
,Schlum. VES,21.00,73.50,38.50,56.00,-54.94,0.12,0.00,37.32,-4.235,8.475
,Schlum. VES,21.00,77.00,38.50,59.50,-0.63,295.89,0.00,478.12,-0.401,64.153
,Schlum. VES,21.00,66.50,31.50,56.00,15.26,0.09,0.00,-107.59,8.502,26.259
,Schlum. VES,21.00,80.50,38.50,63.00,4.02,0.27,0.00,124.94,8.893,208.382
,Schlum. VES,21.00,56.00,24.50,52.50,107.79,0.04,0.00,119.42,208.123,23.883
,Schlum. VES,21.00,73.50,31.50,63.00,13.73,0.12,0.00,-19.24,2.652,8.493
,Schlum. VES,24.50,35.00,28.00,31.50,50.05,0.14,0.00,74.21,172.368,75.735
,Schlum. VES,24.50,49.00,35.00,38.50,69.47,58.61,0.00,-372.25,5.863,11.135
,Schlum. VES,24.50,56.00,38.50,42.00,20.58,0.88,0.00,-112.44,9.481,101.326
,Schlum. VES,24.50,45.50,31.50,38.50,388.37,0.97,0.00,-135.88,47.738,5.406
,Schlum. VES,24.50,59.50,38.50,45.50,91.29,271.86,0.00,326.14,5.378,7.773
,Schlum. VES,24.50,73.50,45.50,52.50,-48.49,13.04,0.00,13.21,-1.569,8.539
,Schlum. VES,24.50,42.00,28.00,38.50,10298.08,0.34,0.00,-73.74,210.625,0.300
,Schlum. VES,24.50,56.00,35.00,45.50,32.81,0.04,0.00,-119.31,50.590,101.737
,Schlum. VES,24.50,70.00,42.00,52.50,-0.01,0.00,0.00,213.09,-0.002,34.838
,Schlum. VES,24.50,73.50,42.00,56.00,-19.51,48.63,0.00,577.07,-1.351,8.566
,Schlum. VES,24.50,63.00,35.00,52.50,20.68,0.03,0.00,-45.80,41.322,105.447
,Schlum. VES,24.50,77.00,42.00,59.50,4.46,3.62,0.00,238.98,2.594,63.985
,Schlum. VES,24.50,80.50,42.00,63.00,7.04,9.06,0.00,663.21,14.700,210.357
,Schlum. VES,24.50,70.00,35.00,59.50,17.84,0.06,0.00,-18.97,13.217,34.920
,Schlum. VES,24.50,59.50,28.00,56.00,50.17,0.03,0.00,154.57,196.534,48.456
,Schlum. VES,24.50,77.00,35.00,66.50,16.04,0.18,0.00,51.98,23.190,63.586
,Schlum. VES,28.00,38.50,31.50,35.00,67.43,0.00,0.00,18.75,24.545,8.005
,Schlum. VES,28.00,52.50,38.50,42.00,21.78,152.85,0.00,-370.85,4.898,29.668
,Schlum. VES,28.00,59.50,42.00,45.50,26.12,0.19,0.00,96.52,11.280,94.954
,Schlum. VES,28.00,49.00,35.00,42.00,102.96,0.09,0.00,-231.59,39.945,17.063
,Schlum. VES,28.00,63.00,42.00,49.00,105.66,265.24,0.00,484.73,6.133,7.659
,Schlum. VES,28.00,77.00,49.00,56.00,4.76,17.24,0.00,-49.06,1.133,62.843
,Schlum. VES,28.00,45.50,31.50,42.00,2714.57,0.14,0.00,-219.33,208.587,1.127
,Schlum. VES,28.00,59.50,38.50,49.00,34.08,0.12,0.00,90.50,49.286,95.423
,Schlum. VES,28.00,73.50,45.50,56.00,-17.46,17.39,0.00,37.43,-1.029,8.638
,Schlum. VES,28.00,77.00,45.50,59.50,5.88,16.75,0.00,479.49,2.979,62.649
,Schlum. VES,28.00,66.50,38.50,56.00,14.12,0.05,0.00,71.08,7.014,26.215
,Schlum. VES,28.00,80.50,45.50,63.00,8.07,0.56,0.00,151.11,15.572,212.143
,Schlum. VES,28.00,73.50,38.50,63.00,-3.71,0.59,0.00,142.23,-0.680,8.641
,Schlum. VES,28.00,63.00,31.50,59.50,47.11,0.04,0.00,215.03,197.526,51.862
,Schlum. VES,28.00,80.50,38.50,70.00,17.04,0.00,0.00,107.18,80.857,208.728
,Schlum. VES,31.50,42.00,35.00,38.50,13781.73,0.04,0.00,-74.45,210.129,0.335
,Schlum. VES,31.50,56.00,42.00,45.50,45.54,3.96,0.00,60.26,28.779,83.388
,Schlum. VES,31.50,63.00,45.50,49.00,22.54,4.65,0.00,102.40,8.816,86.018
,Schlum. VES,31.50,52.50,38.50,45.50,48.47,0.06,0.00,-21.02,109.020,98.921
,Schlum. VES,31.50,66.50,45.50,52.50,285.32,339.26,0.00,725.79,5.285,2.444
,Schlum. VES,31.50,80.50,52.50,59.50,8.50,7.85,0.00,-180.47,4.836,150.160
,Schlum. VES,31.50,49.00,35.00,45.50,286.53,0.12,0.00,-96.25,196.855,10.072
,Schlum. VES,31.50,63.00,42.00,52.50,27.00,0.61,0.00,377.90,35.272,86.176
,Schlum. VES,31.50,77.00,49.00,59.50,9.32,10.71,0.00,-11.10,3.559,56.016
,Schlum. VES,31.50,80.50,49.00,63.00,9.88,4.04,0.00,322.82,11.983,150.077
,Schlum. VES,31.50,70.00,42.00,59.50,19.57,0.58,0.00,274.71,12.069,32.554
,Schlum. VES,31.50,77.00,42.00,66.50,18.85,0.56,0.00,329.07,22.267,55.657
,Schlum. VES,31.50,66.50,35.00,63.00,54.59,0.11,0.00,241.00,110.341,25.002
,Schlum. VES,35.00,45.50,38.50,42.00,3586.05,0.39,0.00,-114.34,208.527,1.279
,Schlum. VES,35.00,59.50,45.50,49.00,29.14,186.94,0.00,-48.81,2.879,13.034
,Schlum. VES,35.00,66.50,49.00,52.50,15.73,1.21,0.00,47.60,1.571,21.952
,Schlum. VES,35.00,56.00,42.00,49.00,673.55,0.10,0.00,215.15,215.766,14.089
,Schlum. VES,35.00,70.00,49.00,56.00,35.12,203.01,0.00,220.98,2.487,9.346
,Schlum. VES,35.00,52.50,38.50,49.00,554.39,0.11,0.00,95.63,208.918,5.525
,Schlum. VES,35.00,66.50,45.50,56.00,20.25,1.51,0.00,165.88,6.743,21.969
,Schlum. VES,35.00,80.50,52.50,63.00,10.38,2.68,0.00,-12.72,5.249,74.130
,Schlum. VES,35.00,73.50,45.50,63.00,10.48,3.03,0.00,168.40,1.631,8.217
,Schlum. VES,35.00,80.50,45.50,70.00,18.16,0.30,0.00,215.55,27.400,71.118
,Schlum. VES,35.00,70.00,38.50,66.50,62.03,0.21,0.00,504.80,133.820,26.688
,Schlum. VES,38.50,49.00,42.00,45.50,12631.08,1.19,0.00,123.73,208.857,0.364
,Schlum. VES,38.50,63.00,49.00,52.50,36.63,34.16,0.00,23.86,2.000,7.204
,Schlum. VES,38.50,70.00,52.50,56.00,19.33,0.88,0.00,-13.83,0.560,6.365
,Schlum. VES,38.50,59.50,45.50,52.50,220.03,0.27,0.00,128.85,35.564,7.109
,Schlum. VES,38.50,73.50,52.50,59.50,47.22,222.63,0.00,163.28,1.103,3.082
,Schlum. VES,38.50,56.00,42.00,52.50,8349.91,0.55,0.00,246.98,207.837,0.365
,Schlum. VES,38.50,70.00,49.00,59.50,27.28,1.50,0.00,106.11,2.610,6.312
,Schlum. VES,38.50,77.00,49.00,66.50,21.87,0.48,0.00,205.49,2.830,6.828
,Schlum. VES,38.50,73.50,42.00,70.00,6994.15,0.88,0.00,492.80,201.844,0.357
,Schlum. VES,42.00,52.50,45.50,49.00,4056.12,0.03,0.00,105.84,211.127,1.145
,Schlum. VES,42.00,66.50,52.50,56.00,25.78,42.72,0.00,-55.80,1.067,5.459
,Schlum. VES,42.00,73.50,56.00,59.50,22.30,0.12,0.00,60.31,0.401,3.950
,Schlum. VES,42.00,63.00,49.00,56.00,86.94,0.03,0.00,-5.31,12.495,6.321
,Schlum. VES,42.00,77.00,56.00,63.00,32.33,157.64,0.00,201.79,1.322,5.397
,Schlum. VES,42.00,59.50,45.50,56.00,2233.20,0.49,0.00,118.49,203.805,1.338
,Schlum. VES,42.00,73.50,52.50,63.00,24.28,2.25,0.00,102.01,1.447,3.931
,Schlum. VES,42.00,80.50,52.50,70.00,15.98,0.89,0.00,74.41,1.955,6.458
,Schlum. VES,42.00,77.00,45.50,73.50,1858.94,0.77,0.00,502.35,200.407,1.334
,Schlum. VES,45.50,56.00,49.00,52.50,213.55,0.75,0.00,7.48,51.826,5.337
,Schlum. VES,45.50,70.00,56.00,59.50,19.23,359.66,0.00,-69.57,0.630,4.323
,Schlum. VES,45.50,77.00,59.50,63.00,18.93,0.78,0.00,25.60,0.423,4.913
,Schlum. VES,45.50,66.50,52.50,59.50,45.30,0.21,0.00,40.64,4.524,4.393
,Schlum. VES,45.50,80.50,59.50,66.50,99.39,338.55,0.00,279.39,1.418,1.882
,Schlum. VES,45.50,63.00,49.00,59.50,296.92,0.51,0.00,29.15,98.766,4.877
,Schlum. VES,45.50,77.00,56.00,66.50,21.74,3.61,0.00,184.47,1.529,4.641
,Schlum. VES,45.50,80.50,49.00,77.00,250.70,3.57,0.00,262.76,69.445,3.427
,Schlum. VES,49.00,59.50,52.50,56.00,487.89,0.14,0.00,22.63,206.565,9.311
,Schlum. VES,49.00,73.50,59.50,63.00,4.57,2960.49,0.00,-116.39,0.110,3.171
,Schlum. VES,49.00,80.50,63.00,66.50,12.10,1.10,0.00,71.19,0.855,15.549
,Schlum. VES,49.00,70.00,56.00,63.00,564.28,0.30,0.00,86.43,145.789,11.363
,Schlum. VES,49.00,66.50,52.50,63.00,511.42,0.23,0.00,111.31,203.716,5.840
,Schlum. VES,49.00,80.50,59.50,70.00,27.79,7.46,0.00,164.37,6.521,15.482
,Schlum. VES,52.50,63.00,56.00,59.50,162.64,0.09,0.00,94.25,202.438,27.373
,Schlum. VES,52.50,77.00,63.00,66.50,2.31,4501.85,0.00,-165.06,0.172,9.795
,Schlum. VES,52.50,73.50,59.50,66.50,43.54,0.25,0.00,136.44,8.279,8.362
,Schlum. VES,52.50,70.00,56.00,66.50,125.65,0.11,0.00,207.22,199.014,23.220
,Schlum. VES,56.00,66.50,59.50,63.00,87.04,0.11,0.00,119.74,85.499,21.602
,Schlum. VES,56.00,80.50,66.50,70.00,-78.05,478.26,0.00,-390.49,-3.868,6.538
,Schlum. VES,56.00,77.00,63.00,70.00,38.75,0.53,0.00,143.46,35.841,40.681
,Schlum. VES,56.00,73.50,59.50,70.00,69.26,0.33,0.00,196.41,39.011,8.257
,Schlum. VES,59.50,70.00,63.00,66.50,79.04,0.16,0.00,219.86,95.558,26.589
,Schlum. VES,59.50,80.50,66.50,73.50,37.10,1.86,0.00,214.00,59.037,69.987
,Schlum. VES,59.50,77.00,63.00,73.50,59.80,0.39,0.00,313.31,161.634,39.628
,Schlum. VES,63.00,73.50,66.50,70.00,78.20,1.22,0.00,114.76,29.425,8.274
,Schlum. VES,63.00,80.50,66.50,77.00,55.00,0.45,0.00,229.18,185.594,49.474
,Schlum. VES,66.50,77.00,70.00,73.50,74.16,1.72,0.00,288.48,65.740,19.495
,Schlum. VES,70.00,80.50,73.50,77.00,64.29,22.95,0.00,102.15,25.133,8.597
,Dipole Dipole,0.00,3.50,7.00,10.50,1.63,0.00,0.00,-35.89,-32.789,1327.195
,Dipole Dipole,0.00,3.50,10.50,14.00,1.63,0.13,0.00,48.01,-8.199,1327.195
,Dipole Dipole,0.00,3.50,14.00,17.50,1.93,0.11,0.00,-13.97,-3.955,1349.947
,Dipole Dipole,0.00,3.50,17.50,21.00,2.55,0.23,0.00,-8.76,-2.613,1349.947
,Dipole Dipole,0.00,3.50,21.00,24.50,8.98,0.41,0.00,22.41,-5.309,1365.040
,Dipole Dipole,0.00,7.00,17.50,24.50,4.66,0.47,0.00,14.51,-25.549,1583.087
,Dipole Dipole,0.00,7.00,24.50,31.50,10.89,0.40,0.00,-22.41,-19.905,1583.087
,Dipole Dipole,0.00,7.00,21.00,28.00,9.95,0.45,0.00,26.48,-30.083,1596.079
,Dipole Dipole,0.00,7.00,28.00,35.00,8.14,0.54,0.00,-39.32,-9.843,1596.079
,Dipole Dipole,0.00,10.50,24.50,35.00,13.50,0.15,0.00,-36.97,-47.487,1203.652
,Dipole Dipole,0.00,10.50,35.00,45.50,5.49,0.15,0.00,-124.44,-5.939,1203.652
,Dipole Dipole,0.00,10.50,28.00,38.50,9.85,0.09,0.00,-74.05,-22.354,1220.557
,Dipole Dipole,0.00,10.50,31.50,42.00,6.90,0.04,0.00,-133.90,-10.702,1227.713
,Dipole Dipole,0.00,14.00,31.50,45.50,8.42,0.10,0.00,-135.04,-18.971,905.975
,Dipole Dipole,0.00,14.00,35.00,49.00,6.53,0.14,0.00,125.16,-10.568,934.392
,Dipole Dipole,0.00,14.00,38.50,52.50,5.80,0.22,0.00,-87.58,-6.912,945.715
,Dipole Dipole,0.00,14.00,42.00,56.00,3.82,0.06,0.00,-20.75,-3.459,954.953
,Dipole Dipole,0.00,17.50,38.50,56.00,6.00,0.07,0.00,-105.23,-13.156,1018.215
,Dipole Dipole,0.00,17.50,42.00,59.50,4.26,0.11,0.00,19.83,-7.106,1046.510
,Dipole Dipole,0.00,17.50,45.50,63.00,2.96,0.06,0.00,50.49,-3.825,1065.461
,Dipole Dipole,0.00,17.50,49.00,66.50,2.18,0.09,0.00,-54.35,-2.226,1073.339
,Dipole Dipole,0.00,21.00,45.50,66.50,3.47,0.08,0.00,185.08,-7.468,1136.396
,Dipole Dipole,0.00,21.00,49.00,70.00,2.62,0.02,0.00,-159.46,-4.461,1166.074
,Dipole Dipole,0.00,21.00,52.50,73.50,1.78,0.57,0.00,351.45,-2.444,1186.587
,Dipole Dipole,0.00,21.00,56.00,77.00,1.48,0.13,0.00,369.74,-1.709,1238.769
,Dipole Dipole,0.00,24.50,52.50,77.00,3.62,0.31,0.00,353.85,-8.441,1381.024
,Dipole Dipole,0.00,24.50,56.00,80.50,2.72,0.67,0.00,368.68,-4.889,1337.005
,Dipole Dipole,0.00,28.00,49.00,77.00,8.50,0.06,0.00,114.08,-22.945,857.335
,Dipole Dipole,0.00,28.00,52.50,80.50,5.71,0.13,0.00,352.15,-11.974,870.204
,Dipole Dipole,0.00,31.50,45.50,77.00,16.72,0.08,0.00,343.67,-34.097,316.684
,Dipole Dipole,0.00,31.50,49.00,80.50,12.18,0.08,0.00,115.70,-23.152,415.380
,Dipole Dipole,3.50,7.00,10.50,14.00,2.30,0.51,0.00,9.58,-58.986,1694.345
,Dipole Dipole,3.50,7.00,14.00,17.50,1.78,0.31,0.00,74.55,-11.404,1694.345
,Dipole Dipole,3.50,7.00,17.50,21.00,2.44,0.58,0.00,66.84,-6.162,1667.449
,Dipole Dipole,3.50,7.00,21.00,24.50,8.83,0.65,0.00,-34.99,-11.159,1667.449
,Dipole Dipole,3.50,7.00,24.50,28.00,11.90,0.64,0.00,-29.02,-8.629,1673.887
,Dipole Dipole,3.50,10.50,21.00,28.00,12.74,0.08,0.00,-69.46,-58.926,1335.481
,Dipole Dipole,3.50,10.50,28.00,35.00,11.39,0.28,0.00,-416.89,-17.568,1335.481
,Dipole Dipole,3.50,10.50,24.50,31.50,14.78,0.11,0.00,-58.89,-37.662,1345.209
,Dipole Dipole,3.50,10.50,31.50,38.50,7.60,0.76,0.00,-405.99,-7.743,1345.209
,Dipole Dipole,3.50,14.00,28.00,38.50,13.24,0.06,0.00,-415.94,-35.768,924.097
,Dipole Dipole,3.50,14.00,38.50,49.00,7.17,0.13,0.00,151.52,-5.958,924.097
,Dipole Dipole,3.50,14.00,31.50,42.00,9.58,0.11,0.00,-457.61,-16.509,926.505
,Dipole Dipole,3.50,14.00,35.00,45.50,7.50,0.18,0.00,-101.52,-8.874,936.508
,Dipole Dipole,3.50,17.50,35.00,49.00,8.26,0.04,0.00,123.84,-20.965,1020.246
,Dipole Dipole,3.50,17.50,38.50,52.50,6.77,0.15,0.00,-72.74,-12.104,1031.630
,Dipole Dipole,3.50,17.50,42.00,56.00,4.85,0.09,0.00,15.48,-6.387,1044.651
,Dipole Dipole,3.50,17.50,45.50,59.50,3.37,0.16,0.00,38.27,-3.354,1049.309
,Dipole Dipole,3.50,21.00,42.00,59.50,5.64,0.06,0.00,53.67,-13.779,1135.514
,Dipole Dipole,3.50,21.00,45.50,63.00,3.90,0.06,0.00,62.66,-7.106,1143.517
,Dipole Dipole,3.50,21.00,49.00,66.50,2.93,0.13,0.00,-55.97,-4.111,1154.913
,Dipole Dipole,3.50,21.00,52.50,70.00,2.07,0.03,0.00,69.67,-2.276,1159.544
,Dipole Dipole,3.50,24.50,49.00,70.00,5.79,0.07,0.00,-148.93,-13.693,1248.082
,Dipole Dipole,3.50,24.50,52.50,73.50,3.94,0.06,0.00,293.66,-7.209,1252.743
,Dipole Dipole,3.50,24.50,56.00,77.00,2.99,0.21,0.00,294.81,-4.325,1254.397
,Dipole Dipole,3.50,24.50,59.50,80.50,2.22,0.30,0.00,265.54,-2.597,1258.969
,Dipole Dipole,3.50,28.00,56.00,80.50,4.56,0.04,0.00,297.58,-6.522,847.663
,Dipole Dipole,3.50,31.50,52.50,80.50,8.59,0.20,0.00,303.46,-8.613,318.244
,Dipole Dipole,3.50,35.00,49.00,80.50,16.41,0.17,0.00,87.71,-9.958,94.232
,Dipole Dipole,7.00,10.50,14.00,17.50,2.16,0.15,0.00,85.60,-44.752,1368.532
,Dipole Dipole,7.00,10.50,17.50,21.00,3.22,0.15,0.00,39.42,-16.710,1368.532
,Dipole Dipole,7.00,10.50,21.00,24.50,12.42,0.31,0.00,69.95,-26.150,1388.745
,Dipole Dipole,7.00,10.50,24.50,28.00,18.08,0.31,0.00,-140.20,-19.034,1388.745
,Dipole Dipole,7.00,10.50,28.00,31.50,15.48,0.54,0.00,-21.13,-9.363,1396.350
,Dipole Dipole,7.00,14.00,24.50,31.50,20.09,0.07,0.00,-182.36,-65.777,944.938
,Dipole Dipole,7.00,14.00,31.50,38.50,10.82,0.45,0.00,-422.09,-11.811,944.938
,Dipole Dipole,7.00,14.00,28.00,35.00,16.31,0.06,0.00,-166.51,-29.523,955.360
,Dipole Dipole,7.00,14.00,35.00,42.00,9.32,0.50,0.00,-356.08,-6.750,955.360
,Dipole Dipole,7.00,17.50,31.50,42.00,11.74,0.00,0.00,-476.32,-36.379,1059.716
,Dipole Dipole,7.00,17.50,42.00,52.50,6.07,0.20,0.00,23.46,-5.783,1059.716
,Dipole Dipole,7.00,17.50,35.00,45.50,9.54,0.03,0.00,-303.47,-19.039,1073.198
,Dipole Dipole,7.00,17.50,38.50,49.00,7.95,0.16,0.00,144.61,-10.870,1082.953
,Dipole Dipole,7.00,21.00,38.50,52.50,8.66,0.09,0.00,-64.17,-25.591,1187.970
,Dipole Dipole,7.00,21.00,42.00,56.00,6.46,0.07,0.00,41.05,-13.414,1199.559
,Dipole Dipole,7.00,21.00,45.50,59.50,4.52,0.06,0.00,49.07,-6.858,1204.701
,Dipole Dipole,7.00,21.00,49.00,63.00,3.45,0.11,0.00,-139.70,-3.968,1212.535
,Dipole Dipole,7.00,24.50,45.50,63.00,8.85,0.07,0.00,68.71,-24.678,1295.818
,Dipole Dipole,7.00,24.50,49.00,66.50,6.60,0.16,0.00,-59.07,-13.636,1297.560
,Dipole Dipole,7.00,24.50,52.50,70.00,4.53,0.06,0.00,63.08,-7.157,1300.062
,Dipole Dipole,7.00,24.50,56.00,73.50,3.33,0.33,0.00,239.23,-4.134,1305.880
,Dipole Dipole,7.00,28.00,52.50,73.50,6.78,0.04,0.00,257.42,-11.152,868.900
,Dipole Dipole,7.00,28.00,56.00,77.00,5.02,0.07,0.00,245.49,-6.445,877.961
,Dipole Dipole,7.00,28.00,59.50,80.50,3.62,0.00,0.00,223.26,-3.691,882.589
,Dipole Dipole,10.50,14.00,17.50,21.00,3.16,0.03,0.00,31.81,-41.039,856.493
,Dipole Dipole,10.50,14.00,21.00,24.50,13.75,0.06,0.00,92.04,-44.640,856.493
,Dipole Dipole,10.50,14.00,24.50,28.00,22.23,0.75,0.00,-32.94,-29.294,869.436
,Dipole Dipole,10.50,14.00,28.00,31.50,20.31,1.73,0.00,-341.63,-13.386,869.436
,Dipole Dipole,10.50,14.00,31.50,35.00,13.95,0.04,0.00,-129.53,-5.313,879.518
,Dipole Dipole,10.50,17.50,28.00,35.00,17.74,0.07,0.00,-413.20,-58.703,955.009
,Dipole Dipole,10.50,17.50,35.00,42.00,10.97,0.04,0.00,-234.45,-12.097,955.009
,Dipole Dipole,10.50,17.50,31.50,38.50,13.02,0.00,0.00,-270.14,-23.794,964.329
,Dipole Dipole,10.50,17.50,38.50,45.50,9.50,0.03,0.00,-60.44,-6.947,964.329
,Dipole Dipole,10.50,21.00,35.00,45.50,12.09,0.07,0.00,-198.30,-36.938,1044.839
,Dipole Dipole,10.50,21.00,45.50,56.00,5.33,0.30,0.00,26.63,-5.010,1044.839
,Dipole Dipole,10.50,21.00,38.50,49.00,9.66,0.05,0.00,140.56,-18.930,1053.185
,Dipole Dipole,10.50,21.00,42.00,52.50,7.49,0.05,0.00,32.03,-9.986,1055.393
,Dipole Dipole,10.50,24.50,42.00,56.00,14.58,0.00,0.00,60.16,-40.333,1112.385
,Dipole Dipole,10.50,24.50,45.50,59.50,10.22,0.03,0.00,55.02,-19.766,1116.624
,Dipole Dipole,10.50,24.50,49.00,63.00,7.75,0.03,0.00,-126.11,-10.908,1117.538
,Dipole Dipole,10.50,24.50,52.50,66.50,5.32,0.00,0.00,134.86,-5.656,1121.915
,Dipole Dipole,10.50,28.00,49.00,66.50,11.52,0.05,0.00,-61.86,-20.259,816.602
,Dipole Dipole,10.50,28.00,52.50,70.00,7.84,0.04,0.00,58.66,-10.244,821.115
,Dipole Dipole,10.50,28.00,56.00,73.50,5.64,0.03,0.00,203.70,-5.627,820.808
,Dipole Dipole,10.50,28.00,59.50,77.00,4.12,0.00,0.00,189.61,-3.224,823.865
,Dipole Dipole,10.50,31.50,56.00,77.00,7.35,0.16,0.00,211.85,-4.305,309.222
,Dipole Dipole,10.50,31.50,59.50,80.50,5.17,0.15,0.00,196.70,-2.346,310.283
,Dipole Dipole,14.00,17.50,21.00,24.50,10.24,0.10,0.00,113.35,-117.416,756.719
,Dipole Dipole,14.00,17.50,24.50,28.00,19.88,0.22,0.00,-47.14,-57.020,756.719
,Dipole Dipole,14.00,17.50,28.00,31.50,19.32,1.12,0.00,-23.21,-22.313,761.804
,Dipole Dipole,14.00,17.50,31.50,35.00,14.29,4.73,0.00,-447.59,-8.249,761.804
,Dipole Dipole,14.00,17.50,35.00,38.50,13.51,0.34,0.00,-106.74,-4.483,766.411
,Dipole Dipole,14.00,21.00,31.50,38.50,15.79,0.24,0.00,-473.41,-43.903,802.567
,Dipole Dipole,14.00,21.00,38.50,45.50,10.44,0.76,0.00,-55.10,-9.674,802.567
,Dipole Dipole,14.00,21.00,35.00,42.00,13.38,0.28,0.00,-195.51,-20.523,809.252
,Dipole Dipole,14.00,21.00,42.00,49.00,8.33,0.70,0.00,229.61,-5.109,809.252
,Dipole Dipole,14.00,24.50,38.50,49.00,21.76,0.10,0.00,138.75,-53.108,834.877
,Dipole Dipole,14.00,24.50,49.00,59.50,9.33,0.24,0.00,-133.23,-7.004,834.877
,Dipole Dipole,14.00,24.50,42.00,52.50,17.21,0.13,0.00,39.57,-26.913,840.452
,Dipole Dipole,14.00,24.50,45.50,56.00,12.17,0.12,0.00,38.32,-12.940,842.057
,Dipole Dipole,14.00,28.00,45.50,59.50,17.58,0.08,0.00,59.31,-30.369,694.557
,Dipole Dipole,14.00,28.00,49.00,63.00,13.48,0.03,0.00,-115.23,-16.208,694.164
,Dipole Dipole,14.00,28.00,52.50,66.50,9.22,0.23,0.00,124.55,-8.076,694.906
,Dipole Dipole,14.00,28.00,56.00,70.00,6.80,0.26,0.00,15.36,-4.502,698.755
,Dipole Dipole,14.00,31.50,52.50,70.00,11.39,0.12,0.00,54.89,-7.573,308.925
,Dipole Dipole,14.00,31.50,56.00,73.50,7.09,0.17,0.00,174.83,-3.431,304.017
,Dipole Dipole,14.00,31.50,59.50,77.00,5.65,0.15,0.00,167.71,-2.028,295.566
,Dipole Dipole,14.00,31.50,63.00,80.50,4.15,0.21,0.00,162.10,-1.122,284.729
,Dipole Dipole,14.00,35.00,59.50,80.50,6.49,0.45,0.00,176.02,-1.078,87.678
,Dipole Dipole,17.50,21.00,24.50,28.00,21.12,0.11,0.00,-69.51,-277.162,865.948
,Dipole Dipole,17.50,21.00,28.00,31.50,23.03,0.30,0.00,-7.05,-75.570,865.948
,Dipole Dipole,17.50,21.00,31.50,35.00,17.37,0.62,0.00,-109.89,-23.117,878.227
,Dipole Dipole,17.50,21.00,35.00,38.50,16.05,3.28,0.00,-390.61,-10.684,878.227
,Dipole Dipole,17.50,21.00,38.50,42.00,12.47,0.09,0.00,-93.07,-4.785,886.030
,Dipole Dipole,17.50,24.50,35.00,42.00,32.22,0.14,0.00,-408.31,-102.712,920.226
,Dipole Dipole,17.50,24.50,42.00,49.00,21.48,0.30,0.00,228.25,-22.829,920.226
,Dipole Dipole,17.50,24.50,38.50,45.50,27.15,0.03,0.00,-48.54,-47.693,927.000
,Dipole Dipole,17.50,24.50,45.50,52.50,15.63,0.38,0.00,0.37,-10.984,927.000
,Dipole Dipole,17.50,28.00,42.00,52.50,29.03,0.06,0.00,44.76,-62.582,737.445
,Dipole Dipole,17.50,28.00,52.50,63.00,11.41,0.16,0.00,76.02,-7.567,737.445
,Dipole Dipole,17.50,28.00,45.50,56.00,21.04,0.09,0.00,46.45,-29.027,741.639
,Dipole Dipole,17.50,28.00,49.00,59.50,16.53,0.03,0.00,-121.51,-15.585,746.269
,Dipole Dipole,17.50,31.50,49.00,63.00,19.94,0.06,0.00,-106.47,-14.584,294.041
,Dipole Dipole,17.50,31.50,52.50,66.50,13.11,0.12,0.00,115.59,-6.390,281.392
,Dipole Dipole,17.50,31.50,56.00,70.00,9.36,0.26,0.00,3.82,-3.176,269.277
,Dipole Dipole,17.50,31.50,59.50,73.50,3.36,1.03,0.00,138.59,-0.782,246.051
,Dipole Dipole,17.50,35.00,56.00,73.50,5.27,2.22,0.00,150.65,-0.928,81.837
,Dipole Dipole,17.50,35.00,59.50,77.00,6.43,1.48,0.00,150.20,-0.731,71.427
,Dipole Dipole,17.50,35.00,63.00,80.50,4.86,1.42,0.00,146.22,-0.378,64.128
,Dipole Dipole,21.00,24.50,28.00,31.50,49.73,0.05,0.00,-93.96,-754.472,1000.839
,Dipole Dipole,21.00,24.50,31.50,35.00,44.42,2.38,0.00,96.64,-168.452,1000.839
,Dipole Dipole,21.00,24.50,35.00,38.50,43.52,0.72,0.00,-416.83,-65.989,1000.305
,Dipole Dipole,21.00,24.50,38.50,42.00,37.55,0.43,0.00,-92.13,-28.464,1000.305
,Dipole Dipole,21.00,24.50,42.00,45.50,33.38,0.41,0.00,47.72,-14.447,999.448
,Dipole Dipole,21.00,28.00,38.50,45.50,44.30,0.04,0.00,-42.69,-119.082,775.942
,Dipole Dipole,21.00,28.00,45.50,52.50,27.36,0.31,0.00,0.25,-24.515,775.942
,Dipole Dipole,21.00,28.00,42.00,49.00,35.94,0.08,0.00,227.30,-53.060,779.232
,Dipole Dipole,21.00,28.00,49.00,56.00,21.94,0.27,0.00,-125.96,-12.959,779.232
,Dipole Dipole,21.00,31.50,45.50,56.00,30.10,0.45,0.00,52.95,-22.551,256.269
,Dipole Dipole,21.00,31.50,56.00,66.50,12.62,0.64,0.00,56.90,-2.909,256.269
,Dipole Dipole,21.00,31.50,49.00,59.50,24.16,0.34,0.00,-114.00,-9.551,212.510
,Dipole Dipole,21.00,31.50,52.50,63.00,16.42,0.92,0.00,78.22,-3.564,171.883
,Dipole Dipole,21.00,35.00,52.50,66.50,15.10,1.25,0.00,108.29,-2.515,66.963
,Dipole Dipole,21.00,35.00,56.00,70.00,9.79,1.35,0.00,-5.51,-0.992,58.510
,Dipole Dipole,21.00,35.00,59.50,73.50,-6.39,4.57,0.00,123.95,0.436,54.082
,Dipole Dipole,21.00,35.00,63.00,77.00,6.51,22.23,0.00,123.16,-0.312,50.516
,Dipole Dipole,21.00,38.50,59.50,77.00,5.89,0.33,0.00,136.21,-0.086,6.772
,Dipole Dipole,21.00,38.50,63.00,80.50,5.72,7.63,0.00,133.07,-0.062,6.806
,Dipole Dipole,24.50,28.00,31.50,35.00,52.65,0.00,0.00,1.03,-583.975,731.710
,Dipole Dipole,24.50,28.00,35.00,38.50,54.82,5.71,0.00,39.56,-151.991,731.710
,Dipole Dipole,24.50,28.00,38.50,42.00,50.61,0.38,0.00,-304.09,-62.198,810.805
,Dipole Dipole,24.50,28.00,42.00,45.50,44.43,0.10,0.00,47.11,-27.300,810.805
,Dipole Dipole,24.50,28.00,45.50,49.00,31.72,0.06,0.00,173.52,-11.252,819.131
,Dipole Dipole,24.50,31.50,42.00,49.00,45.06,0.26,0.00,223.31,-30.938,198.157
,Dipole Dipole,24.50,31.50,49.00,56.00,29.41,1.16,0.00,-114.77,-6.730,198.157
,Dipole Dipole,24.50,31.50,45.50,52.50,34.69,0.59,0.00,-0.21,-10.072,153.237
,Dipole Dipole,24.50,31.50,52.50,59.50,20.61,0.73,0.00,65.17,-2.394,153.237
,Dipole Dipole,24.50,35.00,49.00,59.50,28.08,0.12,0.00,-108.04,-4.629,56.399
,Dipole Dipole,24.50,35.00,59.50,70.00,11.16,0.60,0.00,-18.25,-0.566,56.399
,Dipole Dipole,24.50,35.00,52.50,63.00,19.70,0.40,0.00,79.46,-1.847,50.402
,Dipole Dipole,24.50,35.00,56.00,66.50,12.37,0.89,0.00,40.30,-0.725,46.403
,Dipole Dipole,24.50,38.50,56.00,70.00,7.35,4.77,0.00,-14.74,-0.124,6.782
,Dipole Dipole,24.50,38.50,59.50,73.50,-33.37,2.62,0.00,109.43,0.394,6.819
,Dipole Dipole,24.50,38.50,63.00,77.00,1.11,0.34,0.00,110.59,-0.010,6.837
,Dipole Dipole,24.50,38.50,66.50,80.50,11.78,0.24,0.00,103.73,-0.076,6.838
,Dipole Dipole,24.50,42.00,63.00,80.50,21.01,1.77,0.00,121.92,-0.264,5.833
,Dipole Dipole,28.00,31.50,35.00,38.50,63.78,0.50,0.00,104.08,-157.854,163.278
,Dipole Dipole,28.00,31.50,38.50,42.00,56.26,43.05,0.00,-65.56,-34.811,163.278
,Dipole Dipole,28.00,31.50,42.00,45.50,51.06,3.41,0.00,-179.66,-9.548,123.353
,Dipole Dipole,28.00,31.50,45.50,49.00,42.87,2.12,0.00,166.01,-4.008,123.353
,Dipole Dipole,28.00,31.50,49.00,52.50,34.82,0.73,0.00,-169.73,-1.628,107.944
,Dipole Dipole,28.00,35.00,45.50,52.50,37.32,0.13,0.00,-2.78,-6.524,50.459
,Dipole Dipole,28.00,35.00,52.50,59.50,23.57,0.46,0.00,65.94,-1.373,50.459
,Dipole Dipole,28.00,35.00,49.00,56.00,31.54,0.25,0.00,-104.72,-2.772,46.388
,Dipole Dipole,28.00,35.00,56.00,63.00,18.72,0.44,0.00,15.96,-0.658,46.388
,Dipole Dipole,28.00,38.50,52.50,63.00,23.47,0.24,0.00,80.27,-0.467,6.812
,Dipole Dipole,28.00,38.50,63.00,73.50,-15.05,5.07,0.00,87.62,0.092,6.812
,Dipole Dipole,28.00,38.50,56.00,66.50,3.76,0.26,0.00,29.92,-0.048,6.823
,Dipole Dipole,28.00,38.50,59.50,70.00,-4.43,0.23,0.00,-22.10,0.038,6.822
,Dipole Dipole,28.00,42.00,59.50,73.50,-119.40,2.75,0.00,99.42,1.726,5.813
,Dipole Dipole,28.00,42.00,63.00,77.00,2.37,30.49,0.00,101.20,-0.024,5.804
,Dipole Dipole,28.00,42.00,66.50,80.50,118.58,2.81,0.00,101.48,-0.865,5.789
,Dipole Dipole,31.50,35.00,38.50,42.00,44.08,272.27,0.00,121.58,-4.236,6.341
,Dipole Dipole,31.50,35.00,42.00,45.50,196.70,247.26,0.00,-445.93,-4.726,6.341
,Dipole Dipole,31.50,35.00,45.50,49.00,36.20,0.44,0.00,158.57,-2.165,39.454
,Dipole Dipole,31.50,35.00,49.00,52.50,40.40,0.21,0.00,-166.48,-1.208,39.454
,Dipole Dipole,31.50,35.00,52.50,56.00,23.61,0.93,0.00,67.79,-0.391,38.239
,Dipole Dipole,31.50,38.50,49.00,56.00,43.58,0.25,0.00,-97.90,-0.998,6.611
,Dipole Dipole,31.50,38.50,56.00,63.00,27.48,0.17,0.00,12.84,-0.210,6.611
,Dipole Dipole,31.50,38.50,52.50,59.50,25.35,1.67,0.00,66.45,-0.318,6.619
,Dipole Dipole,31.50,38.50,59.50,66.50,13.31,0.24,0.00,23.98,-0.067,6.619
,Dipole Dipole,31.50,42.00,56.00,66.50,-31.81,12.24,0.00,21.11,0.525,5.641
,Dipole Dipole,31.50,42.00,66.50,77.00,187.66,5.96,0.00,86.48,-0.952,5.641
,Dipole Dipole,31.50,42.00,59.50,70.00,-51.34,4.14,0.00,-24.52,0.537,5.626
,Dipole Dipole,31.50,42.00,63.00,73.50,-377.77,2.44,0.00,76.31,2.680,5.617
,Dipole Dipole,31.50,45.50,63.00,77.00,2.01,10.64,0.00,92.95,-0.030,6.050
,Dipole Dipole,31.50,45.50,66.50,80.50,72.20,3.81,0.00,99.57,-0.747,5.974
,Dipole Dipole,35.00,38.50,42.00,45.50,13394.17,7.19,0.00,267.03,-199.828,0.984
,Dipole Dipole,35.00,38.50,45.50,49.00,1433.54,276.74,0.00,-358.50,-5.347,0.984
,Dipole Dipole,35.00,38.50,49.00,52.50,66.44,0.62,0.00,-163.28,-0.614,6.093
,Dipole Dipole,35.00,38.50,52.50,56.00,43.37,0.15,0.00,71.10,-0.200,6.093
,Dipole Dipole,35.00,38.50,56.00,59.50,0.00,0.00,0.00,-4.62,0.000,6.100
,Dipole Dipole,35.00,42.00,52.50,59.50,30.17,0.89,0.00,66.76,-0.550,5.262
,Dipole Dipole,35.00,42.00,59.50,66.50,-72.19,3.07,0.00,19.05,0.439,5.262
,Dipole Dipole,35.00,42.00,56.00,63.00,24.94,0.17,0.00,9.60,-0.248,5.249
,Dipole Dipole,35.00,42.00,63.00,70.00,-86.31,3.94,0.00,-41.11,0.343,5.249
,Dipole Dipole,35.00,45.50,59.50,70.00,-7.29,15.88,0.00,-26.54,0.121,5.668
,Dipole Dipole,35.00,45.50,70.00,80.50,142.17,3.61,0.00,143.27,-0.725,5.668
,Dipole Dipole,35.00,45.50,63.00,73.50,-199.90,3.52,0.00,68.71,2.067,5.557
,Dipole Dipole,35.00,45.50,66.50,77.00,63.73,2.97,0.00,83.86,-0.445,5.529
,Dipole Dipole,35.00,49.00,66.50,80.50,31.88,1.84,0.00,98.11,-0.932,11.746
,Dipole Dipole,38.50,42.00,45.50,49.00,2367.27,129.92,0.00,23.25,-10.489,0.292
,Dipole Dipole,38.50,42.00,49.00,52.50,4042.66,316.53,0.00,-419.61,-4.478,0.292
,Dipole Dipole,38.50,42.00,52.50,56.00,36.52,2.64,0.00,69.76,-0.175,3.159
,Dipole Dipole,38.50,42.00,56.00,59.50,29.21,6.50,0.00,-7.46,-0.070,3.159
,Dipole Dipole,38.50,42.00,59.50,63.00,34.95,0.04,0.00,15.01,-0.048,3.151
,Dipole Dipole,38.50,45.50,56.00,63.00,39.26,2.07,0.00,7.24,-0.451,3.319
,Dipole Dipole,38.50,45.50,63.00,70.00,-22.39,0.07,0.00,-42.91,0.086,3.319
,Dipole Dipole,38.50,45.50,59.50,66.50,-12.44,8.28,0.00,14.54,0.078,3.306
,Dipole Dipole,38.50,45.50,66.50,73.50,-168.77,3.32,0.00,63.96,0.423,3.306
,Dipole Dipole,38.50,49.00,63.00,73.50,29.93,2.01,0.00,62.77,-0.401,4.578
,Dipole Dipole,38.50,49.00,66.50,77.00,34.41,1.47,0.00,82.25,-0.292,4.570
,Dipole Dipole,38.50,49.00,70.00,80.50,32.60,2.22,0.00,138.72,-0.188,4.555
,Dipole Dipole,42.00,45.50,49.00,52.50,399.88,44.06,0.00,-407.06,-18.762,3.096
,Dipole Dipole,42.00,45.50,52.50,56.00,58.81,2.96,0.00,68.67,-0.690,3.096
,Dipole Dipole,42.00,45.50,56.00,59.50,52.93,0.16,0.00,-9.78,-0.248,3.091
,Dipole Dipole,42.00,45.50,59.50,63.00,32.57,0.15,0.00,15.38,-0.076,3.091
,Dipole Dipole,42.00,45.50,63.00,66.50,118.89,2.69,0.00,-3.08,-0.159,3.087
,Dipole Dipole,42.00,49.00,59.50,66.50,79.24,1.06,0.00,11.97,-1.135,4.134
,Dipole Dipole,42.00,49.00,66.50,73.50,99.21,2.37,0.00,62.48,-0.474,4.134
,Dipole Dipole,42.00,49.00,63.00,70.00,79.26,1.14,0.00,-44.58,-0.620,4.128
,Dipole Dipole,42.00,49.00,70.00,77.00,-107.71,2.56,0.00,121.91,0.337,4.128
,Dipole Dipole,42.00,52.50,66.50,77.00,-9.69,7.41,0.00,81.08,0.154,5.442
,Dipole Dipole,42.00,52.50,70.00,80.50,-45.05,3.85,0.00,136.23,0.455,5.425
,Dipole Dipole,45.50,49.00,52.50,56.00,659.46,5.47,0.00,-230.42,-45.173,4.519
,Dipole Dipole,45.50,49.00,56.00,59.50,537.64,0.16,0.00,-11.68,-9.207,4.519
,Dipole Dipole,45.50,49.00,59.50,63.00,56.49,0.12,0.00,15.84,-0.382,4.455
,Dipole Dipole,45.50,49.00,63.00,66.50,102.63,2.58,0.00,-5.77,-0.347,4.455
,Dipole Dipole,45.50,49.00,66.50,70.00,65.13,0.16,0.00,-39.40,-0.124,4.396
,Dipole Dipole,45.50,52.50,63.00,70.00,75.95,1.21,0.00,-45.68,-1.520,5.775
,Dipole Dipole,45.50,52.50,70.00,77.00,-67.21,1.77,0.00,119.48,0.448,5.775
,Dipole Dipole,45.50,52.50,66.50,73.50,202.45,2.25,0.00,61.16,-2.165,5.644
,Dipole Dipole,45.50,52.50,73.50,80.50,-574.49,3.00,0.00,34.48,2.458,5.644
,Dipole Dipole,45.50,56.00,70.00,80.50,-5.66,13.58,0.00,134.29,0.091,5.481
,Dipole Dipole,49.00,52.50,56.00,59.50,89.64,17.39,0.00,-184.76,-18.132,13.345
,Dipole Dipole,49.00,52.50,59.50,63.00,61.05,0.07,0.00,16.23,-3.087,13.345
,Dipole Dipole,49.00,52.50,63.00,66.50,90.05,1.00,0.00,-8.18,-1.812,13.276
,Dipole Dipole,49.00,52.50,66.50,70.00,1.58,56.73,0.00,-38.33,-0.016,13.276
,Dipole Dipole,49.00,52.50,70.00,73.50,387.36,2.15,0.00,98.49,-2.238,13.342
,Dipole Dipole,49.00,56.00,66.50,73.50,77.89,1.21,0.00,60.14,-3.500,12.972
,Dipole Dipole,49.00,56.00,73.50,80.50,-130.52,3.33,0.00,34.98,1.955,12.972
,Dipole Dipole,49.00,56.00,70.00,77.00,21.86,0.92,0.00,116.90,-0.537,12.974
,Dipole Dipole,52.50,56.00,59.50,63.00,105.81,0.04,0.00,16.20,-94.124,58.688
,Dipole Dipole,52.50,56.00,63.00,66.50,56.32,0.00,0.00,-9.74,-12.526,58.688
,Dipole Dipole,52.50,56.00,66.50,70.00,47.10,0.00,0.00,-37.19,-4.174,58.478
,Dipole Dipole,52.50,56.00,70.00,73.50,32.07,0.50,0.00,96.40,-1.421,58.478
,Dipole Dipole,52.50,56.00,73.50,77.00,29.69,2.28,0.00,19.84,-0.750,58.362
,Dipole Dipole,52.50,59.50,70.00,77.00,37.82,0.17,0.00,115.69,-7.265,55.442
,Dipole Dipole,52.50,59.50,73.50,80.50,27.11,1.01,0.00,35.82,-2.849,55.453
,Dipole Dipole,56.00,59.50,63.00,66.50,83.98,0.04,0.00,-10.71,-65.822,51.708
,Dipole Dipole,56.00,59.50,66.50,70.00,57.68,0.09,0.00,-36.32,-11.302,51.708
,Dipole Dipole,56.00,59.50,70.00,73.50,45.47,0.12,0.00,94.96,-3.561,51.662
,Dipole Dipole,56.00,59.50,73.50,77.00,32.89,1.43,0.00,19.72,-1.288,51.662
,Dipole Dipole,56.00,59.50,77.00,80.50,22.89,1.19,0.00,15.99,-0.512,51.647
,Dipole Dipole,56.00,63.00,73.50,80.50,34.52,0.47,0.00,36.03,-6.445,53.887
,Dipole Dipole,59.50,63.00,66.50,70.00,81.43,0.07,0.00,-35.77,-64.493,52.253
,Dipole Dipole,59.50,63.00,70.00,73.50,54.74,0.07,0.00,93.70,-10.838,52.253
,Dipole Dipole,59.50,63.00,73.50,77.00,40.51,0.58,0.00,19.97,-3.202,52.142
,Dipole Dipole,59.50,63.00,77.00,80.50,30.17,0.27,0.00,16.08,-1.192,52.142
,Dipole Dipole,63.00,66.50,70.00,73.50,71.91,0.08,0.00,93.21,-23.588,21.641
,Dipole Dipole,63.00,66.50,73.50,77.00,68.81,0.06,0.00,19.83,-5.643,21.641
,Dipole Dipole,63.00,66.50,77.00,80.50,43.11,0.17,0.00,16.09,-1.408,21.556
,Dipole Dipole,66.50,70.00,73.50,77.00,70.52,0.05,0.00,19.90,-16.752,15.673
,Dipole Dipole,66.50,70.00,77.00,80.50,51.76,0.20,0.00,16.13,-3.074,15.673
,Dipole Dipole,70.00,73.50,77.00,80.50,64.28,0.13,0.00,16.17,-7.246,7.436
,Wenner VES,0.00,73.50,24.50,49.00,41.39,1.44,0.00,-109.11,2.474,9.199
,Wenner VES,0.00,63.00,21.00,42.00,15.71,1.16,0.00,-134.30,12.546,105.349
,Wenner VES,0.00,52.50,17.50,35.00,10.04,0.12,0.00,-61.51,11.388,124.710
,Wenner VES,0.00,42.00,14.00,28.00,12.08,0.00,0.00,201.06,0.773,5.625
,Wenner VES,0.00,31.50,10.50,21.00,7.12,0.38,0.00,171.93,16.116,149.366
,Wenner VES,0.00,21.00,7.00,14.00,8.01,0.43,0.00,17.99,211.464,1161.027
,Wenner VES,0.00,10.50,3.50,7.00,2.00,0.09,0.00,-1.62,124.996,1376.731
,Wenner VES,3.50,77.00,28.00,52.50,5.14,4.50,0.00,98.98,2.117,63.355
,Wenner VES,3.50,66.50,24.50,45.50,29.99,1.67,0.00,-260.54,6.025,26.504
,Wenner VES,3.50,56.00,21.00,38.50,14.59,0.19,0.00,-517.23,13.836,104.296
,Wenner VES,3.50,45.50,17.50,31.50,14.27,2.47,0.00,202.95,1.075,6.625
,Wenner VES,3.50,35.00,14.00,24.50,12.67,0.13,0.00,178.24,9.528,49.632
,Wenner VES,3.50,24.50,10.50,17.50,9.45,0.03,0.00,-228.13,208.695,971.665
,Wenner VES,3.50,14.00,7.00,10.50,2.86,0.03,0.00,295.49,116.971,898.362
,Wenner VES,7.00,80.50,31.50,56.00,3.70,1.76,0.00,83.26,5.701,237.059
,Wenner VES,7.00,70.00,28.00,49.00,14.21,1.38,0.00,-112.14,3.799,35.272
,Wenner VES,7.00,59.50,24.50,42.00,16.53,1.04,0.00,-522.10,14.437,96.031
,Wenner VES,7.00,49.00,21.00,35.00,15.33,0.51,0.00,-126.88,2.524,14.488
,Wenner VES,7.00,38.50,17.50,28.00,17.19,0.09,0.00,138.98,1.609,6.173
,Wenner VES,7.00,28.00,14.00,21.00,9.51,0.04,0.00,14.62,188.840,873.463
,Wenner VES,7.00,17.50,10.50,14.00,4.61,0.00,0.00,80.76,209.897,1000.340
,Wenner VES,10.50,73.50,31.50,52.50,8.27,0.51,0.00,-46.15,0.579,9.236
,Wenner VES,10.50,63.00,28.00,45.50,12.94,1.15,0.00,-515.52,12.403,105.397
,Wenner VES,10.50,52.50,24.50,38.50,16.49,0.16,0.00,-323.24,23.508,125.377
,Wenner VES,10.50,42.00,21.00,31.50,21.87,0.21,0.00,-146.00,1.866,5.631
,Wenner VES,10.50,31.50,17.50,24.50,18.10,0.36,0.00,44.77,56.090,136.294
,Wenner VES,10.50,21.00,14.00,17.50,7.29,0.04,0.00,97.41,207.706,626.272
,Wenner VES,14.00,77.00,35.00,56.00,5.30,0.30,0.00,-41.84,2.508,62.460
,Wenner VES,14.00,66.50,31.50,49.00,16.59,4.10,0.00,-199.70,3.990,26.448
,Wenner VES,14.00,56.00,28.00,42.00,18.06,0.47,0.00,-305.39,21.073,102.634
,Wenner VES,14.00,45.50,24.50,35.00,22.38,0.21,0.00,-209.07,2.292,6.757
,Wenner VES,14.00,35.00,21.00,28.00,28.00,0.10,0.00,-133.60,31.053,48.776
,Wenner VES,14.00,24.50,17.50,21.00,11.68,0.06,0.00,212.55,205.506,386.853
,Wenner VES,17.50,80.50,38.50,59.50,3.42,0.03,0.00,120.20,6.073,233.975
,Wenner VES,17.50,70.00,35.00,52.50,8.07,3.85,0.00,-99.95,2.585,35.225
,Wenner VES,17.50,59.50,31.50,45.50,16.12,0.39,0.00,-79.18,17.458,95.253
,Wenner VES,17.50,49.00,28.00,38.50,37.89,0.18,0.00,-285.82,8.288,14.431
,Wenner VES,17.50,38.50,24.50,31.50,32.16,0.12,0.00,-355.62,4.488,6.138
,Wenner VES,17.50,28.00,21.00,24.50,28.60,0.06,0.00,114.21,194.105,149.251
,Wenner VES,21.00,73.50,38.50,56.00,-19.78,25.01,0.00,-0.59,-1.669,9.277
,Wenner VES,21.00,63.00,35.00,49.00,13.61,0.24,0.00,-43.36,16.294,105.303
,Wenner VES,21.00,52.50,31.50,42.00,21.21,0.41,0.00,-114.14,40.428,125.741
,Wenner VES,21.00,42.00,28.00,35.00,29.70,0.88,0.00,-237.78,3.812,5.645
,Wenner VES,21.00,31.50,24.50,28.00,35.52,0.23,0.00,-33.20,176.088,109.033
,Wenner VES,24.50,77.00,42.00,59.50,2.28,32.64,0.00,86.75,1.308,62.979
,Wenner VES,24.50,66.50,38.50,52.50,7.51,4.90,0.00,251.27,2.273,26.614
,Wenner VES,24.50,56.00,35.00,45.50,25.77,0.09,0.00,-139.38,40.835,104.561
,Wenner VES,24.50,45.50,31.50,38.50,63.17,0.75,0.00,-176.55,9.881,6.880
,Wenner VES,24.50,35.00,28.00,31.50,49.86,0.10,0.00,-94.71,108.714,47.949
,Wenner VES,28.00,80.50,45.50,63.00,7.93,4.24,0.00,40.45,16.949,234.896
,Wenner VES,28.00,70.00,42.00,56.00,5.34,10.84,0.00,288.66,2.144,35.285
,Wenner VES,28.00,59.50,38.50,49.00,25.42,0.06,0.00,25.92,36.604,94.982
,Wenner VES,28.00,49.00,35.00,42.00,54.08,0.51,0.00,-202.47,17.693,14.388
,Wenner VES,28.00,38.50,31.50,35.00,52.03,0.13,0.00,60.50,14.482,6.121
,Wenner VES,31.50,73.50,45.50,59.50,-7.08,53.16,0.00,389.49,-0.711,8.833
,Wenner VES,31.50,63.00,42.00,52.50,25.13,0.26,0.00,119.78,23.727,62.288
,Wenner VES,31.50,52.50,38.50,45.50,41.64,0.19,0.00,-92.43,64.398,68.027
,Wenner VES,31.50,42.00,35.00,38.50,1945.32,0.21,0.00,-61.86,211.041,2.386
,Wenner VES,35.00,77.00,49.00,63.00,13.50,5.76,0.00,291.84,4.440,28.940
,Wenner VES,35.00,66.50,45.50,56.00,19.18,0.97,0.00,117.18,5.281,18.163
,Wenner VES,35.00,56.00,42.00,49.00,53.48,0.14,0.00,35.35,41.602,34.217
,Wenner VES,35.00,45.50,38.50,42.00,587.54,0.58,0.00,-24.89,168.931,6.323
,Wenner VES,38.50,80.50,52.50,66.50,7.76,45.75,0.00,238.27,0.525,5.955
,Wenner VES,38.50,70.00,49.00,59.50,24.65,0.51,0.00,110.17,1.946,5.208
,Wenner VES,38.50,59.50,45.50,52.50,47.34,1.39,0.00,41.69,6.101,5.669
,Wenner VES,38.50,49.00,42.00,45.50,1922.56,0.43,0.00,82.84,201.777,2.308
,Wenner VES,42.00,73.50,52.50,63.00,22.38,0.34,0.00,55.16,1.246,3.674
,Wenner VES,42.00,63.00,49.00,56.00,48.91,2.83,0.00,23.31,6.028,5.421
,Wenner VES,42.00,52.50,45.50,49.00,721.64,0.41,0.00,50.01,179.019,5.455
,Wenner VES,45.50,77.00,56.00,66.50,15.02,2.07,0.00,137.61,1.450,6.368
,Wenner VES,45.50,66.50,52.50,59.50,38.13,2.96,0.00,-18.59,4.801,5.538
,Wenner VES,45.50,56.00,49.00,52.50,124.45,0.22,0.00,87.57,35.685,6.306
,Wenner VES,49.00,80.50,59.50,70.00,20.26,0.42,0.00,-5.79,4.219,13.739
,Wenner VES,49.00,70.00,56.00,63.00,51.30,1.56,0.00,7.89,12.021,10.305
,Wenner VES,49.00,59.50,52.50,56.00,212.37,0.27,0.00,26.90,120.720,12.500
,Wenner VES,52.50,73.50,59.50,66.50,30.23,143.38,0.00,-53.26,2.807,4.085
,Wenner VES,52.50,63.00,56.00,59.50,92.62,0.09,0.00,117.37,197.132,46.806
,Wenner VES,56.00,77.00,63.00,70.00,14.40,601.29,0.00,-385.88,1.981,6.053
,Wenner VES,56.00,66.50,59.50,63.00,75.62,0.46,0.00,186.17,75.058,21.829
,Wenner VES,59.50,80.50,66.50,73.50,0.79,15522.70,0.00,-551.15,0.124,6.871
,Wenner VES,59.50,70.00,63.00,66.50,65.31,0.59,0.00,243.44,79.910,26.907
,Wenner VES,63.00,73.50,66.50,70.00,189.22,235.33,0.00,298.00,7.737,0.899
,Wenner VES,66.50,77.00,70.00,73.50,57.23,10.67,0.00,-63.50,23.487,9.025
,Wenner VES,70.00,80.50,73.50,77.00,53.96,9.92,0.00,80.04,32.099,13.081
