time_tag,satellite,flux,observed_flux,electron_correction,electron_contaminaton,energy
2022-09-12T09:38:00Z,16,8.717963595472611e-8,9.867441974620306e-8,1.1494783791476948e-8,false,0.05-0.4nm
2022-09-12T09:38:00Z,16,0.0000026775421702041058,0.0000027100779789179796,3.253563463090359e-8,false,0.1-0.8nm
2022-09-12T09:39:00Z,16,8.177178045798428e-8,9.288453384215245e-8,1.1112752495989753e-8,false,0.05-0.4nm
2022-09-12T09:39:00Z,16,0.000002590031726867892,0.0000026233083190163597,3.3276542410476395e-8,false,0.1-0.8nm
2022-09-12T09:40:00Z,16,7.59730411914461e-8,8.675729645801766e-8,1.0784259707463661e-8,false,0.05-0.4nm
2022-09-12T09:40:00Z,16,0.0000025226595425920095,0.0000025565984742570436,3.393909864257694e-8,false,0.1-0.8nm
2022-09-12T09:41:00Z,16,7.275197333456163e-8,8.337833179439258e-8,1.0626355795295694e-8,false,0.05-0.4nm
2022-09-12T09:41:00Z,16,0.0000024735961687838426,0.000002508675152057549,3.507906853883469e-8,false,0.1-0.8nm
2022-09-12T09:42:00Z,16,7.26500530845442e-8,8.281707408741568e-8,1.01670174501578e-8,false,0.05-0.4nm
2022-09-12T09:42:00Z,16,0.0000024297760319313966,0.000002463712689859676,3.3936739640694213e-8,false,0.1-0.8nm
2022-09-12T09:43:00Z,16,6.983638201063513e-8,8.01655772875165e-8,1.0329197941416624e-8,false,0.05-0.4nm
2022-09-12T09:43:00Z,16,0.0000023853724542277632,0.000002418496706013684,3.312423046963886e-8,false,0.1-0.8nm
2022-09-12T09:44:00Z,16,6.656573248164932e-8,7.756027287086908e-8,1.0994545718290283e-8,false,0.05-0.4nm
2022-09-12T09:44:00Z,16,0.0000023507329842686886,0.0000023849236185924383,3.4190716036164304e-8,false,0.1-0.8nm
2022-09-12T09:45:00Z,16,6.45397193466124e-8,7.522442047047662e-8,1.0684699347507376e-8,false,0.05-0.4nm
2022-09-12T09:45:00Z,16,0.000002317198550372268,0.0000023513875930802897,3.4189117315008843e-8,false,0.1-0.8nm
2022-09-12T09:46:00Z,16,6.149626585738588e-8,7.253046874211577e-8,1.1034203772908313e-8,false,0.05-0.4nm
2022-09-12T09:46:00Z,16,0.0000022914691726327874,0.0000023262236936716363,3.475444643186165e-8,false,0.1-0.8nm
2022-09-12T09:47:00Z,16,5.898699484419012e-8,7.046558891943278e-8,1.1478589634350556e-8,false,0.05-0.4nm
2022-09-12T09:47:00Z,16,0.0000022687031560053583,0.0000023052441520121647,3.654097469052431e-8,false,0.1-0.8nm
2022-09-12T09:48:00Z,16,5.713052075861924e-8,6.849362677030513e-8,1.1363103347150627e-8,false,0.05-0.4nm
2022-09-12T09:48:00Z,16,0.0000022466713289759355,0.0000022835363324702485,3.686502125788138e-8,false,0.1-0.8nm
2022-09-12T09:49:00Z,16,5.38092983504157e-8,6.592674139938026e-8,1.2117440384429301e-8,false,0.05-0.4nm
2022-09-12T09:49:00Z,16,0.000002218614099547267,0.0000022561130208487157,3.7498985250294936e-8,false,0.1-0.8nm
2022-09-12T09:50:00Z,16,5.357772536740413e-8,6.567744037511147e-8,1.2099712343172087e-8,false,0.05-0.4nm
2022-09-12T09:50:00Z,16,0.0000021944367745163618,0.0000022321728465612978,3.7735990332521396e-8,false,0.1-0.8nm
2022-09-12T09:51:00Z,16,5.152381632456127e-8,6.307566025043343e-8,1.1551841261336904e-8,false,0.05-0.4nm
2022-09-12T09:51:00Z,16,0.0000021724129055655794,0.0000022102931325207464,3.788031222029531e-8,false,0.1-0.8nm
2022-09-12T09:52:00Z,16,4.955558452479636e-8,6.11014314699787e-8,1.1545850497896026e-8,false,0.05-0.4nm
2022-09-12T09:52:00Z,16,0.000002148086196029908,0.0000021868936528335325,3.880753851603913e-8,false,0.1-0.8nm
2022-09-12T09:53:00Z,16,4.8773699745652266e-8,5.980894712820373e-8,1.103525093526514e-8,false,0.05-0.4nm
2022-09-12T09:53:00Z,16,0.0000021391547306848224,0.0000021778507743874798,3.869602593908894e-8,false,0.1-0.8nm
2022-09-12T09:54:00Z,16,4.749094628664352e-8,5.804543334875234e-8,1.0554489726644078e-8,false,0.05-0.4nm
2022-09-12T09:54:00Z,16,0.0000021163837118365336,0.000002155303945983178,3.892020217222125e-8,false,0.1-0.8nm
2022-09-12T09:55:00Z,16,4.640477868633752e-8,5.710161232741484e-8,1.0696834529255739e-8,false,0.05-0.4nm
2022-09-12T09:55:00Z,16,0.0000021025862224632874,0.0000021420983102871105,3.951216243081035e-8,false,0.1-0.8nm
2022-09-12T09:56:00Z,16,4.627677085977666e-8,5.745398823364667e-8,1.1177216485691588e-8,false,0.05-0.4nm
2022-09-12T09:56:00Z,16,0.000002103286760757328,0.0000021446392111101886,4.1352592461407767e-8,false,0.1-0.8nm
2022-09-12T09:57:00Z,16,4.763384708894591e-8,5.889245713319724e-8,1.1258612708786586e-8,false,0.05-0.4nm
2022-09-12T09:57:00Z,16,0.0000021117343749210704,0.0000021532798655243823,4.154567179170954e-8,false,0.1-0.8nm
2022-09-12T09:58:00Z,16,5.371514433250013e-8,6.528036777808666e-8,1.1565223445586525e-8,false,0.05-0.4nm
2022-09-12T09:58:00Z,16,0.000002173839902752661,0.0000022152819383336464,4.144215637325033e-8,false,0.1-0.8nm
2022-09-12T09:59:00Z,16,5.67870124257297e-8,6.86093315493963e-8,1.1822318235488183e-8,false,0.05-0.4nm
2022-09-12T09:59:00Z,16,0.000002250077386634075,0.0000022907668153493432,4.068925107958421e-8,false,0.1-0.8nm
2022-09-12T10:00:00Z,16,6.308552258360578e-8,7.476726437971593e-8,1.1681738243396467e-8,false,0.05-0.4nm
2022-09-12T10:00:00Z,16,0.000002316374093425111,0.0000023560460249427706,3.9671931517659687e-8,false,0.1-0.8nm
2022-09-12T10:01:00Z,16,6.709544209115847e-8,7.982182381738312e-8,1.2726380838046225e-8,false,0.05-0.4nm
2022-09-12T10:01:00Z,16,0.0000024002872578421375,0.000002440768184897024,4.048106916343386e-8,false,0.1-0.8nm
2022-09-12T10:02:00Z,16,6.631163529391415e-8,7.919736333406036e-8,1.2885726263789365e-8,false,0.05-0.4nm
2022-09-12T10:02:00Z,16,0.0000023952759420353686,0.000002435808482914581,4.053254087921232e-8,false,0.1-0.8nm
2022-09-12T10:03:00Z,16,6.34449222047806e-8,7.65248984180289e-8,1.307997710142672e-8,false,0.05-0.4nm
2022-09-12T10:03:00Z,16,0.000002383670334893395,0.0000024249877697002375,4.131763731152205e-8,false,0.1-0.8nm
2022-09-12T10:04:00Z,16,6.592750878553488e-8,7.883021879706575e-8,1.290271178788771e-8,false,0.05-0.4nm
2022-09-12T10:04:00Z,16,0.0000023960838007042184,0.000002437261855448014,4.11780476383683e-8,false,0.1-0.8nm
2022-09-12T10:05:00Z,16,6.620935266710148e-8,7.84754519145281e-8,1.2266102800140288e-8,false,0.05-0.4nm
2022-09-12T10:05:00Z,16,0.0000024041742108238395,0.0000024453986497974256,4.122439634102193e-8,false,0.1-0.8nm
2022-09-12T10:06:00Z,16,6.961589349430142e-8,8.214878732815123e-8,1.253289916292033e-8,false,0.05-0.4nm
2022-09-12T10:06:00Z,16,0.000002431599341434776,0.0000024736575596762123,4.205829640113734e-8,false,0.1-0.8nm
2022-09-12T10:07:00Z,16,8.420809649578587e-8,9.626917574223626e-8,1.2061074805558292e-8,false,0.05-0.4nm
2022-09-12T10:07:00Z,16,0.000002518378323657089,0.000002559913582445006,4.153545063445563e-8,false,0.1-0.8nm
2022-09-12T10:08:00Z,16,1.2456951026251772e-7,1.3664129028256866e-7,1.2071788013656715e-8,false,0.05-0.4nm
2022-09-12T10:08:00Z,16,0.0000027916926228499506,0.0000028333136015135096,4.1620999979841145e-8,false,0.1-0.8nm
2022-09-12T10:09:00Z,16,1.4232708167583041e-7,1.5455877644399152e-7,1.2231702761766883e-8,false,0.05-0.4nm
2022-09-12T10:09:00Z,16,0.000003024216994162998,0.000003065753162445617,4.153609722834517e-8,false,0.1-0.8nm
2022-09-12T10:10:00Z,16,1.2944470029196964e-7,1.4154457517179253e-7,1.2099873991644472e-8,false,0.05-0.4nm
2022-09-12T10:10:00Z,16,0.0000029905716019129613,0.0000030318653898575576,4.1293979791134916e-8,false,0.1-0.8nm
2022-09-12T10:11:00Z,16,1.3630766204641986e-7,1.4895647382218158e-7,1.2648809111226456e-8,false,0.05-0.4nm
2022-09-12T10:11:00Z,16,0.000003029211484317784,0.000003070852926612133,4.164139610907114e-8,false,0.1-0.8nm
2022-09-12T10:12:00Z,16,1.4623979893713113e-7,1.5942704578719713e-7,1.3187249514601262e-8,false,0.05-0.4nm
2022-09-12T10:12:00Z,16,0.0000030384192086785333,0.00000308016456074256,4.174533074774445e-8,false,0.1-0.8nm
2022-09-12T10:13:00Z,16,1.6029690641516936e-7,1.7420573783510918e-7,1.3908827867226137e-8,false,0.05-0.4nm
2022-09-12T10:13:00Z,16,0.00000311812596009986,0.000003161153927067062,4.302791367649661e-8,false,0.1-0.8nm
2022-09-12T10:14:00Z,16,1.860418450405632e-7,2.0050477189670346e-7,1.4462923303426578e-8,false,0.05-0.4nm
2022-09-12T10:14:00Z,16,0.000003246020469305222,0.000003289761707492289,4.3741273714204e-8,false,0.1-0.8nm
2022-09-12T10:15:00Z,16,2.1331153732262464e-7,2.2802259991294704e-7,1.471105992578714e-8,false,0.05-0.4nm
2022-09-12T10:15:00Z,16,0.000003408158818274387,0.000003453645149420481,4.5486249433679404e-8,false,0.1-0.8nm
2022-09-12T10:16:00Z,16,2.2840724511752342e-7,2.425206844236527e-7,1.4113431312523517e-8,false,0.05-0.4nm
2022-09-12T10:16:00Z,16,0.000003527179615048226,0.0000035728744478547014,4.5694992678591007e-8,false,0.1-0.8nm
2022-09-12T10:17:00Z,16,2.2416654132939584e-7,2.377642118744916e-7,1.3597666104203654e-8,false,0.05-0.4nm
2022-09-12T10:17:00Z,16,0.000003584090336516965,0.0000036301678392192116,4.60775062549601e-8,false,0.1-0.8nm
2022-09-12T10:18:00Z,16,2.1558915364039422e-7,2.2888774253715383e-7,1.3298582679510673e-8,false,0.05-0.4nm
2022-09-12T10:18:00Z,16,0.0000035949165066995192,0.0000036419316984392935,4.701518818706063e-8,false,0.1-0.8nm
2022-09-12T10:19:00Z,16,1.9810734386283002e-7,2.1082441037378885e-7,1.2717070951850928e-8,false,0.05-0.4nm
2022-09-12T10:19:00Z,16,0.0000035367143027542625,0.000003581409828257165,4.469553616104349e-8,false,0.1-0.8nm
2022-09-12T10:20:00Z,16,1.7549226072333113e-7,1.876899062835946e-7,1.2197635790300865e-8,false,0.05-0.4nm
2022-09-12T10:20:00Z,16,0.0000034307392979826545,0.0000034744932690955466,4.375393913846892e-8,false,0.1-0.8nm
2022-09-12T10:21:00Z,16,1.5602374503487226e-7,1.677191647786458e-7,1.169541441470301e-8,false,0.05-0.4nm
2022-09-12T10:21:00Z,16,0.0000032904026738833636,0.0000033345593237754656,4.415651133626852e-8,false,0.1-0.8nm
2022-09-12T10:22:00Z,16,1.3482073768500413e-7,1.4706850492984813e-7,1.2247773462092937e-8,false,0.05-0.4nm
2022-09-12T10:22:00Z,16,0.0000031404288165504113,0.000003183395619998919,4.296684252835803e-8,false,0.1-0.8nm
2022-09-12T10:23:00Z,16,1.1939641808567103e-7,1.328185561533246e-7,1.3422142508545676e-8,false,0.05-0.4nm
2022-09-12T10:23:00Z,16,0.0000029948778319521807,0.0000030378048450074857,4.292705568786914e-8,false,0.1-0.8nm
2022-09-12T10:24:00Z,16,1.0449362264353113e-7,1.1881677863812001e-7,1.4323158659124147e-8,false,0.05-0.4nm
2022-09-12T10:24:00Z,16,0.0000028698898404400097,0.0000029135292152204784,4.3639488467306364e-8,false,0.1-0.8nm
2022-09-12T10:25:00Z,16,9.709406612046223e-8,1.1151074374993186e-7,1.4416674964934373e-8,false,0.05-0.4nm
2022-09-12T10:25:00Z,16,0.000002766299758150126,0.0000028094600565964356,4.31603908168654e-8,false,0.1-0.8nm
2022-09-12T10:26:00Z,16,9.00713459373037e-8,1.0381243242818528e-7,1.3741083826346312e-8,false,0.05-0.4nm
2022-09-12T10:26:00Z,16,0.0000026781929136632243,0.0000027212036002310924,4.3010899730688834e-8,false,0.1-0.8nm
2022-09-12T10:27:00Z,16,8.537838880329218e-8,1.0039668296712989e-7,1.5018295940194548e-8,false,0.05-0.4nm
2022-09-12T10:27:00Z,16,0.000002640886577864876,0.000002685268327695667,4.438170364551297e-8,false,0.1-0.8nm
2022-09-12T10:28:00Z,16,8.936172690710009e-8,1.0576057007938289e-7,1.6398846724996474e-8,false,0.05-0.4nm
2022-09-12T10:28:00Z,16,0.0000026633629204297904,0.000002709695991143235,4.633314532043187e-8,false,0.1-0.8nm
2022-09-12T10:29:00Z,16,9.042254589530785e-8,1.0564126995404877e-7,1.521872228238408e-8,false,0.05-0.4nm
2022-09-12T10:29:00Z,16,0.0000026778163828566903,0.000002722764975260361,4.494874517035896e-8,false,0.1-0.8nm
2022-09-12T10:30:00Z,16,9.553111368632017e-8,1.1053968052010532e-7,1.5008565057428314e-8,false,0.05-0.4nm
2022-09-12T10:30:00Z,16,0.0000026956743113260018,0.000002740646777965594,4.497256611557532e-8,false,0.1-0.8nm
2022-09-12T10:31:00Z,16,9.426989322491863e-8,1.0902071068130681e-7,1.4750817456388177e-8,false,0.05-0.4nm
2022-09-12T10:31:00Z,16,0.0000026686109322326956,0.0000027146772936248453,4.606642178828224e-8,false,0.1-0.8nm
2022-09-12T10:32:00Z,16,8.665131190355169e-8,1.0208668754785322e-7,1.543537564430153e-8,false,0.05-0.4nm
2022-09-12T10:32:00Z,16,0.000002618468897708226,0.0000026658806291379733,4.741162129562326e-8,false,0.1-0.8nm
2022-09-12T10:33:00Z,16,9.253685817611768e-8,1.0709171505141057e-7,1.455485421075764e-8,false,0.05-0.4nm
2022-09-12T10:33:00Z,16,0.0000026422908376844134,0.0000026878260541707277,4.553519872274592e-8,false,0.1-0.8nm
2022-09-12T10:34:00Z,16,1.0509013748105644e-7,1.1956423406900285e-7,1.4474088594340628e-8,false,0.05-0.4nm
2022-09-12T10:34:00Z,16,0.0000027385642624722095,0.000002784544903988717,4.598062730565289e-8,false,0.1-0.8nm
2022-09-12T10:35:00Z,16,1.245069540800614e-7,1.3853704672328604e-7,1.4030081096905178e-8,false,0.05-0.4nm
2022-09-12T10:35:00Z,16,0.0000028751421723427484,0.000002920690803875914,4.554851784632774e-8,false,0.1-0.8nm
2022-09-12T10:36:00Z,16,1.477871620636506e-7,1.6228084120939457e-7,1.4493671152138177e-8,false,0.05-0.4nm
2022-09-12T10:36:00Z,16,0.000003025035084647243,0.0000030707853966305265,4.575031553599729e-8,false,0.1-0.8nm
2022-09-12T10:37:00Z,16,1.655293999647256e-7,1.80481919187514e-7,1.4952519222788396e-8,false,0.05-0.4nm
2022-09-12T10:37:00Z,16,0.0000031954723453964107,0.000003241345211790758,4.5872884157915905e-8,false,0.1-0.8nm
2022-09-12T10:38:00Z,16,1.8165792425861582e-7,1.970513778815075e-7,1.5393460728319042e-8,false,0.05-0.4nm
2022-09-12T10:38:00Z,16,0.0000033688922940200428,0.000003415367245906964,4.6474966097775905e-8,false,0.1-0.8nm
2022-09-12T10:39:00Z,16,1.9122897754186852e-7,2.0704165137885866e-7,1.5812670284276464e-8,false,0.05-0.4nm
2022-09-12T10:39:00Z,16,0.000003510523811200983,0.0000035578018469095696,4.7278099657432904e-8,false,0.1-0.8nm
2022-09-12T10:40:00Z,16,1.815575103591982e-7,1.9804193129857595e-7,1.6484420939377742e-8,false,0.05-0.4nm
2022-09-12T10:40:00Z,16,0.000003512708644848317,0.000003560782488420955,4.807387554706111e-8,false,0.1-0.8nm
2022-09-12T10:41:00Z,16,1.7340084923489485e-7,1.8983459426635818e-7,1.643374858417701e-8,false,0.05-0.4nm
2022-09-12T10:41:00Z,16,0.0000034706831684161443,0.000003518991206874489,4.830796385135727e-8,false,0.1-0.8nm
2022-09-12T10:42:00Z,16,1.6894753684937314e-7,1.8593942741063074e-7,1.6991897666684963e-8,false,0.05-0.4nm
2022-09-12T10:42:00Z,16,0.0000034544239042588742,0.000003502703293634113,4.827947108765329e-8,false,0.1-0.8nm
2022-09-12T10:43:00Z,16,1.6592522911196284e-7,1.81829264533917e-7,1.590402831652682e-8,false,0.05-0.4nm
2022-09-12T10:43:00Z,16,0.000003429936214160989,0.0000034774707273754757,4.753436044779846e-8,false,0.1-0.8nm
2022-09-12T10:44:00Z,16,1.616182032648794e-7,1.7693078291358688e-7,1.531257431963695e-8,false,0.05-0.4nm
2022-09-12T10:44:00Z,16,0.000003401579078854411,0.000003449054247539607,4.7475264608465295e-8,false,0.1-0.8nm
2022-09-12T10:45:00Z,16,1.6075688336059102e-7,1.7578757649516774e-7,1.5030693134576723e-8,false,0.05-0.4nm
2022-09-12T10:45:00Z,16,0.000003381590886419872,0.000003429101525398437,4.75107242436934e-8,false,0.1-0.8nm
2022-09-12T10:46:00Z,16,1.5868288016918086e-7,1.7383391082148592e-7,1.5151025323234535e-8,false,0.05-0.4nm
2022-09-12T10:46:00Z,16,0.0000033612352581258165,0.000003409067176107783,4.783188600754329e-8,false,0.1-0.8nm
2022-09-12T10:47:00Z,16,1.5576209477785596e-7,1.7168500221487193e-7,1.5922907437015965e-8,false,0.05-0.4nm
2022-09-12T10:47:00Z,16,0.000003349184908074676,0.0000033977646580751752,4.857989210904634e-8,false,0.1-0.8nm
2022-09-12T10:48:00Z,16,1.5507123407587642e-7,1.7128810725353105e-7,1.6216873177654634e-8,false,0.05-0.4nm
2022-09-12T10:48:00Z,16,0.000003348275413372903,0.0000033975006772379857,4.9225231890659416e-8,false,0.1-0.8nm
2022-09-12T10:49:00Z,16,1.6091296117792808e-7,1.7809335872698284e-7,1.7180392219984242e-8,false,0.05-0.4nm
2022-09-12T10:49:00Z,16,0.0000033955539038288407,0.000003445493121034815,4.9939274049393134e-8,false,0.1-0.8nm
2022-09-12T10:50:00Z,16,1.653654493338763e-7,1.8310083760297857e-7,1.773538649274542e-8,false,0.05-0.4nm
2022-09-12T10:50:00Z,16,0.0000034186348329967586,0.000003468761406111298,5.012647719127017e-8,false,0.1-0.8nm
2022-09-12T10:51:00Z,16,1.6513617140390124e-7,1.8271482815634954e-7,1.7578658528805136e-8,false,0.05-0.4nm
2022-09-12T10:51:00Z,16,0.000003426448984100716,0.0000034762447285174858,4.979557033379933e-8,false,0.1-0.8nm
2022-09-12T10:52:00Z,16,1.5696321042923955e-7,1.742003377103174e-7,1.7237136162862043e-8,false,0.05-0.4nm
2022-09-12T10:52:00Z,16,0.000003394729674255359,0.0000034441516163497,4.9422077097460715e-8,false,0.1-0.8nm
2022-09-12T10:53:00Z,16,1.4964817296458932e-7,1.6624834131562238e-7,1.66001701273899e-8,false,0.05-0.4nm
2022-09-12T10:53:00Z,16,0.000003338453097967431,0.000003387529432075098,4.907623107897052e-8,false,0.1-0.8nm
2022-09-12T10:54:00Z,16,1.3928357134318503e-7,1.558439208793061e-7,1.6560353088834745e-8,false,0.05-0.4nm
2022-09-12T10:54:00Z,16,0.0000032691852993593784,0.000003318865537949023,4.968012490280671e-8,false,0.1-0.8nm
2022-09-12T10:55:00Z,16,1.310320527636577e-7,1.4704457385050773e-7,1.6012531744991065e-8,false,0.05-0.4nm
2022-09-12T10:55:00Z,16,0.0000031979695904738037,0.0000032468321933265543,4.88625140349086e-8,false,0.1-0.8nm
2022-09-12T10:56:00Z,16,1.2539067029138096e-7,1.413232837421674e-7,1.5932615227143287e-8,false,0.05-0.4nm
2022-09-12T10:56:00Z,16,0.000003132425945295836,0.000003180989324391703,4.856350699355971e-8,false,0.1-0.8nm
2022-09-12T10:57:00Z,16,1.1800602095490831e-7,1.3389812636432907e-7,1.5892105409420765e-8,false,0.05-0.4nm
2022-09-12T10:57:00Z,16,0.0000030697137844981626,0.000003118190988971037,4.847706591704082e-8,false,0.1-0.8nm
2022-09-12T10:58:00Z,16,1.1084172513164958e-7,1.2739850774323713e-7,1.655678083523071e-8,false,0.05-0.4nm
2022-09-12T10:58:00Z,16,0.0000030001790491951397,0.000003049507768082549,4.932885033781531e-8,false,0.1-0.8nm
2022-09-12T10:59:00Z,16,1.0669593564216484e-7,1.2379956615404808e-7,1.710362518281272e-8,false,0.05-0.4nm
2022-09-12T10:59:00Z,16,0.0000029427706067508552,0.00000299284852189885,5.0077797908443245e-8,false,0.1-0.8nm
2022-09-12T11:00:00Z,16,9.771831344096427e-8,1.1554269718772048e-7,1.782438374675621e-8,false,0.05-0.4nm
2022-09-12T11:00:00Z,16,0.000002874234041883028,0.000002924862428699271,5.062844010694789e-8,false,0.1-0.8nm
2022-09-12T11:01:00Z,16,9.18754636813901e-8,1.1012181744263216e-7,1.824635731395574e-8,false,0.05-0.4nm
2022-09-12T11:01:00Z,16,0.000002799308276735246,0.000002850023520295508,5.071525066568938e-8,false,0.1-0.8nm
2022-09-12T11:02:00Z,16,8.705779208639797e-8,1.042904642645226e-7,1.7232666849054112e-8,false,0.05-0.4nm
2022-09-12T11:02:00Z,16,0.0000027250741823081626,0.000002774778067760053,4.9703984927873535e-8,false,0.1-0.8nm
2022-09-12T11:03:00Z,16,8.158940545399673e-8,9.86733397212447e-8,1.708393249089113e-8,false,0.05-0.4nm
2022-09-12T11:03:00Z,16,0.000002653951924003195,0.000002704210601223167,5.025854932227958e-8,false,0.1-0.8nm
2022-09-12T11:04:00Z,16,7.617281028160505e-8,9.384529420231047e-8,1.7672487473419096e-8,false,0.05-0.4nm
2022-09-12T11:04:00Z,16,0.0000025895128601405304,0.000002640740831338917,5.122801027823698e-8,false,0.1-0.8nm
2022-09-12T11:05:00Z,16,7.478681851580404e-8,9.265174583106273e-8,1.7864925538901844e-8,false,0.05-0.4nm
2022-09-12T11:05:00Z,16,0.000002541593630667194,0.000002593267254269449,5.167368044567411e-8,false,0.1-0.8nm
2022-09-12T11:06:00Z,16,7.048811312415637e-8,8.85434090491799e-8,1.805529592502353e-8,false,0.05-0.4nm
2022-09-12T11:06:00Z,16,0.0000024937864964158507,0.0000025454353362874826,5.164879723906779e-8,false,0.1-0.8nm
2022-09-12T11:07:00Z,16,6.867480095706924e-8,8.603706902476915e-8,1.7362269844056755e-8,false,0.05-0.4nm
2022-09-12T11:07:00Z,16,0.000002457205255268491,0.000002507753379177302,5.054815233052068e-8,false,0.1-0.8nm
2022-09-12T11:08:00Z,16,6.695662335687302e-8,8.4284359047615e-8,1.7327739243455653e-8,false,0.05-0.4nm
2022-09-12T11:08:00Z,16,0.000002401963456577505,0.0000024529872462153435,5.102376121612906e-8,false,0.1-0.8nm
2022-09-12T11:09:00Z,16,6.22512814629772e-8,8.010716356920966e-8,1.7855885658946136e-8,false,0.05-0.4nm
2022-09-12T11:09:00Z,16,0.0000023548825538455276,0.000002406415205769008,5.153261284362998e-8,false,0.1-0.8nm
2022-09-12T11:10:00Z,16,5.803763869494105e-8,7.560327475175654e-8,1.7565637833172332e-8,false,0.05-0.4nm
2022-09-12T11:10:00Z,16,0.0000023130362478696043,0.000002363952944506309,5.091662202971747e-8,false,0.1-0.8nm
2022-09-12T11:11:00Z,16,5.7414045073755915e-8,7.516309352695316e-8,1.7749050229554086e-8,false,0.05-0.4nm
2022-09-12T11:11:00Z,16,0.000002279142336192308,0.000002329989456484327,5.084727305870729e-8,false,0.1-0.8nm
2022-09-12T11:12:00Z,16,5.592962182277006e-8,7.395436796286958e-8,1.8024747916456363e-8,false,0.05-0.4nm
2022-09-12T11:12:00Z,16,0.000002256839479741757,0.0000023080854134605033,5.124598345673803e-8,false,0.1-0.8nm
2022-09-12T11:13:00Z,16,5.637842193095821e-8,7.471738427966557e-8,1.8338965901421034e-8,false,0.05-0.4nm
2022-09-12T11:13:00Z,16,0.000002238255547126755,0.0000022897575036040507,5.15019245028725e-8,false,0.1-0.8nm
2022-09-12T11:14:00Z,16,6.047591227797966e-8,7.841605764724591e-8,1.7940147145623087e-8,false,0.05-0.4nm
2022-09-12T11:14:00Z,16,0.0000022676094886264764,0.0000023188895283965394,5.1280181878610165e-8,false,0.1-0.8nm
2022-09-12T11:15:00Z,16,7.206597274489468e-8,8.995019840085661e-8,1.788422210324825e-8,false,0.05-0.4nm
2022-09-12T11:15:00Z,16,0.000002383959099461208,0.000002435492433505715,5.153322746309641e-8,false,0.1-0.8nm
2022-09-12T11:16:00Z,16,7.56793312461923e-8,9.400599765285733e-8,1.8326662853951348e-8,false,0.05-0.4nm
2022-09-12T11:16:00Z,16,0.000002445912969051278,0.0000024971802758955164,5.1267324607806586e-8,false,0.1-0.8nm
2022-09-12T11:17:00Z,16,8.478909307996219e-8,1.0290040108884568e-7,1.8111306232526658e-8,false,0.05-0.4nm
2022-09-12T11:17:00Z,16,0.0000025179861040669493,0.000002568838226579828,5.08520301423232e-8,false,0.1-0.8nm
2022-09-12T11:18:00Z,16,9.375538212452739e-8,1.1206500971638889e-7,1.830962581550466e-8,false,0.05-0.4nm
2022-09-12T11:18:00Z,16,0.0000026003099264926277,0.0000026514051114645554,5.1095241815346526e-8,false,0.1-0.8nm
2022-09-12T11:19:00Z,16,1.0359654112335193e-7,1.220523557776687e-7,1.8455814654316782e-8,false,0.05-0.4nm
2022-09-12T11:19:00Z,16,0.0000026984860141965328,0.000002749838586169062,5.135251512911054e-8,false,0.1-0.8nm
2022-09-12T11:20:00Z,16,1.1525357024311234e-7,1.3322838299245632e-7,1.797482163112818e-8,false,0.05-0.4nm
2022-09-12T11:20:00Z,16,0.0000027952451091550756,0.000002846411462087417,5.116653056802534e-8,false,0.1-0.8nm
2022-09-12T11:21:00Z,16,1.347386415773144e-7,1.5345159454227542e-7,1.8712944083176808e-8,false,0.05-0.4nm
2022-09-12T11:21:00Z,16,0.0000029895873012719676,0.0000030414778393605957,5.1890523877773376e-8,false,0.1-0.8nm
2022-09-12T11:22:00Z,16,1.567915433042799e-7,1.7622177495013602e-7,1.9430242303997147e-8,false,0.05-0.4nm
2022-09-12T11:22:00Z,16,0.000003189136577930185,0.0000032410046060249442,5.1868077832750714e-8,false,0.1-0.8nm
2022-09-12T11:23:00Z,16,1.8107388655153045e-7,2.000375900479412e-7,1.8963703496410744e-8,false,0.05-0.4nm
2022-09-12T11:23:00Z,16,0.0000033793903639889322,0.0000034304509881621925,5.106054246084568e-8,false,0.1-0.8nm
2022-09-12T11:24:00Z,16,1.975072763116259e-7,2.147001367802659e-7,1.7192860468639992e-8,false,0.05-0.4nm
2022-09-12T11:24:00Z,16,0.0000035277221286378335,0.0000035772025057667634,4.948049081576755e-8,false,0.1-0.8nm
2022-09-12T11:25:00Z,16,1.9503984560742538e-7,2.1224819590770494e-7,1.720835740570692e-8,false,0.05-0.4nm
2022-09-12T11:25:00Z,16,0.0000035502791888575302,0.00000359895670953847,4.867752423365346e-8,false,0.1-0.8nm
2022-09-12T11:26:00Z,16,1.936710276595477e-7,2.1096394675623742e-7,1.7292911991262372e-8,false,0.05-0.4nm
2022-09-12T11:26:00Z,16,0.0000035661221318150638,0.00000361454385711113,4.842157608209163e-8,false,0.1-0.8nm
2022-09-12T11:27:00Z,16,1.909635756192074e-7,2.090321515879623e-7,1.8068577745111725e-8,false,0.05-0.4nm
2022-09-12T11:27:00Z,16,0.0000035913119518227177,0.0000036380279198056087,4.671601416816884e-8,false,0.1-0.8nm
2022-09-12T11:28:00Z,16,1.7852833877896046e-7,1.959896280823159e-7,1.74612964087828e-8,false,0.05-0.4nm
2022-09-12T11:28:00Z,16,0.0000035073235267191194,0.0000035521461541065946,4.482260251847947e-8,false,0.1-0.8nm
2022-09-12T11:29:00Z,16,1.651683874115406e-7,1.8122207734450058e-7,1.6053698814744166e-8,false,0.05-0.4nm
2022-09-12T11:29:00Z,16,0.0000033995684134424664,0.000003443920832069125,4.435245060108173e-8,false,0.1-0.8nm
2022-09-12T11:30:00Z,16,1.52942305930992e-7,1.694206872571158e-7,1.647837954976694e-8,false,0.05-0.4nm
2022-09-12T11:30:00Z,16,0.0000033044555038941326,0.0000033488893222966,4.443401735443331e-8,false,0.1-0.8nm
2022-09-12T11:31:00Z,16,1.4496824007892428e-7,1.6167888361451332e-7,1.6710641759232203e-8,false,0.05-0.4nm
2022-09-12T11:31:00Z,16,0.0000032427547012048308,0.000003286075298092328,4.3320675047198165e-8,false,0.1-0.8nm
2022-09-12T11:32:00Z,16,1.3648757146711432e-7,1.535630929083709e-7,1.707551966489973e-8,false,0.05-0.4nm
2022-09-12T11:32:00Z,16,0.0000031885981570667354,0.000003230172751500504,4.157447719421725e-8,false,0.1-0.8nm
2022-09-12T11:33:00Z,16,1.2808979477085813e-7,1.4562175465471228e-7,1.7531952778426785e-8,false,0.05-0.4nm
2022-09-12T11:33:00Z,16,0.0000031172057788353413,0.000003157827677569003,4.0621912944516225e-8,false,0.1-0.8nm
2022-09-12T11:34:00Z,16,1.2622356848623895e-7,1.424719613396519e-7,1.6248383971628755e-8,false,0.05-0.4nm
2022-09-12T11:34:00Z,16,0.000003076641860388918,0.0000031167883207672276,4.014646037830971e-8,false,0.1-0.8nm
2022-09-12T11:35:00Z,16,1.203467121513313e-7,1.3668513076936506e-7,1.6338422170747435e-8,false,0.05-0.4nm
2022-09-12T11:35:00Z,16,0.000003011020680787624,0.0000030529631658282597,4.19424850406358e-8,false,0.1-0.8nm
2022-09-12T11:36:00Z,16,1.1241092323643898e-7,1.2866537701938796e-7,1.6254457335662664e-8,false,0.05-0.4nm
2022-09-12T11:36:00Z,16,0.00000293079983748612,0.0000029750553949270397,4.425575994559949e-8,false,0.1-0.8nm
2022-09-12T11:37:00Z,16,1.058586391877725e-7,1.2290290385408298e-7,1.7044254008169446e-8,false,0.05-0.4nm
2022-09-12T11:37:00Z,16,0.0000028645340535149444,0.0000029111258754710434,4.659182195609901e-8,false,0.1-0.8nm
2022-09-12T11:38:00Z,16,1.006618006726967e-7,1.1678518063718002e-7,1.6123383517197e-8,false,0.05-0.4nm
2022-09-12T11:38:00Z,16,0.000002796595481413533,0.000002843576567101991,4.6981028845038963e-8,false,0.1-0.8nm
2022-09-12T11:39:00Z,16,9.343376206061293e-8,1.0952936690955539e-7,1.6095603072585618e-8,false,0.05-0.4nm
2022-09-12T11:39:00Z,16,0.000002740955551416846,0.0000027887899705092423,4.7834500804810887e-8,false,0.1-0.8nm
2022-09-12T11:40:00Z,16,9.075355222876169e-8,1.0648413706348947e-7,1.5730586611084618e-8,false,0.05-0.4nm
2022-09-12T11:40:00Z,16,0.0000026949062430503545,0.00000274255557997094,4.764913796861947e-8,false,0.1-0.8nm
2022-09-12T11:41:00Z,16,8.54404262895514e-8,1.0217624435426842e-7,1.6735818064717023e-8,false,0.05-0.4nm
2022-09-12T11:41:00Z,16,0.0000026469651857041754,0.000002693905571504729,4.6940332509848304e-8,false,0.1-0.8nm
2022-09-12T11:42:00Z,16,8.414050256533301e-8,9.986742099954427e-8,1.5726920210568096e-8,false,0.05-0.4nm
2022-09-12T11:42:00Z,16,0.000002613093329273397,0.000002657880941114854,4.478751236547396e-8,false,0.1-0.8nm
2022-09-12T11:43:00Z,16,8.151057073746415e-8,9.75925189550253e-8,1.6081949993917988e-8,false,0.05-0.4nm
2022-09-12T11:43:00Z,16,0.000002569890284576104,0.0000026146724394493503,4.4782336061643946e-8,false,0.1-0.8nm
2022-09-12T11:44:00Z,16,7.740829488511736e-8,9.438599590794183e-8,1.6977702799181316e-8,false,0.05-0.4nm
2022-09-12T11:44:00Z,16,0.000002528325239836704,0.0000025743293008417822,4.6003972187236286e-8,false,0.1-0.8nm
2022-09-12T11:45:00Z,16,7.482799446734134e-8,9.175456483490052e-8,1.692657036755918e-8,false,0.05-0.4nm
2022-09-12T11:45:00Z,16,0.0000024892465262382757,0.0000025365795863763196,4.7332864738791613e-8,false,0.1-0.8nm
2022-09-12T11:46:00Z,16,7.137983715210794e-8,8.927985817308581e-8,1.7900019244621035e-8,false,0.05-0.4nm
2022-09-12T11:46:00Z,16,0.000002460915311530698,0.000002509410251150257,4.849482948543482e-8,false,0.1-0.8nm
2022-09-12T11:47:00Z,16,7.858700712404243e-8,9.57122168188107e-8,1.7125209694768273e-8,false,0.05-0.4nm
2022-09-12T11:47:00Z,16,0.0000025038414150913013,0.0000025531730898364913,4.9331706719613067e-8,false,0.1-0.8nm
2022-09-12T11:48:00Z,16,8.428053632769661e-8,1.0049122778355013e-7,1.621068967949668e-8,false,0.05-0.4nm
2022-09-12T11:48:00Z,16,0.000002560408120189095,0.000002609200691949809,4.87926818948381e-8,false,0.1-0.8nm
2022-09-12T11:49:00Z,16,9.021580638091109e-8,1.0612838963197646e-7,1.591258858013589e-8,false,0.05-0.4nm
2022-09-12T11:49:00Z,16,0.000002610818228276912,0.0000026589013941702433,4.808306997006184e-8,false,0.1-0.8nm
2022-09-12T11:50:00Z,16,7.82848559310878e-8,9.475576945305875e-8,1.647091707468462e-8,false,0.05-0.4nm
2022-09-12T11:50:00Z,16,0.000002527687684050761,0.000002576254928499111,4.856733681890546e-8,false,0.1-0.8nm
2022-09-12T11:51:00Z,16,6.829120025031443e-8,8.50935251150986e-8,1.680232131207049e-8,false,0.05-0.4nm
2022-09-12T11:51:00Z,16,0.0000024295991352119017,0.000002477951738910633,4.835266409486394e-8,false,0.1-0.8nm
2022-09-12T11:52:00Z,16,6.81254803680531e-8,8.50688905984498e-8,1.6943410230396694e-8,false,0.05-0.4nm
2022-09-12T11:52:00Z,16,0.000002403097141723265,0.000002451369482514565,4.827213828662025e-8,false,0.1-0.8nm
2022-09-12T11:53:00Z,16,7.007453461937985e-8,8.763306880155142e-8,1.755853418217157e-8,false,0.05-0.4nm
2022-09-12T11:53:00Z,16,0.000002423128989903489,0.0000024718062832107535,4.8677240016559153e-8,false,0.1-0.8nm
2022-09-12T11:54:00Z,16,6.899986715325213e-8,8.7680867011386e-8,1.8680996305420194e-8,false,0.05-0.4nm
2022-09-12T11:54:00Z,16,0.00000240431040765543,0.0000024525916160200723,4.828128652434316e-8,false,0.1-0.8nm
2022-09-12T11:55:00Z,16,6.36984438528998e-8,8.278272645156903e-8,1.9084279045955554e-8,false,0.05-0.4nm
2022-09-12T11:55:00Z,16,0.0000023607860839547357,0.0000024093419597193133,4.855582247387247e-8,false,0.1-0.8nm
2022-09-12T11:56:00Z,16,6.594557788730526e-8,8.45385841330426e-8,1.859300979845102e-8,false,0.05-0.4nm
2022-09-12T11:56:00Z,16,0.000002345411530768615,0.0000023935040189826395,4.809251663573377e-8,false,0.1-0.8nm
2022-09-12T11:57:00Z,16,6.815803743620563e-8,8.679812424361444e-8,1.8640088583765646e-8,false,0.05-0.4nm
2022-09-12T11:57:00Z,16,0.0000023468926428904524,0.000002394539023953257,4.764649830235612e-8,false,0.1-0.8nm
2022-09-12T11:58:00Z,16,6.867796997767073e-8,8.772409643142964e-8,1.9046128230115755e-8,false,0.05-0.4nm
2022-09-12T11:58:00Z,16,0.000002345139591852785,0.0000023925381356093567,4.739838388445605e-8,false,0.1-0.8nm
2022-09-12T11:59:00Z,16,6.838262578412468e-8,8.665818285180649e-8,1.8275558844038642e-8,false,0.05-0.4nm
2022-09-12T11:59:00Z,16,0.0000023304780825128546,0.000002377440523559926,4.69625547339092e-8,false,0.1-0.8nm
2022-09-12T12:00:00Z,16,6.49360245574826e-8,8.204899870634108e-8,1.7112975925215324e-8,false,0.05-0.4nm
2022-09-12T12:00:00Z,16,0.000002303287146787625,0.0000023496070298278937,4.6319975410824554e-8,false,0.1-0.8nm
2022-09-12T12:01:00Z,16,6.292898291349047e-8,8.029959985833557e-8,1.7370622273915615e-8,false,0.05-0.4nm
2022-09-12T12:01:00Z,16,0.0000022788051410316257,0.00000232466868510528,4.586345880852605e-8,false,0.1-0.8nm
2022-09-12T12:02:00Z,16,6.129400986765177e-8,7.88715368571502e-8,1.757752343678476e-8,false,0.05-0.4nm
2022-09-12T12:02:00Z,16,0.000002257878350064857,0.0000023045631678542122,4.668483200021001e-8,false,0.1-0.8nm
2022-09-12T12:03:00Z,16,6.045751632655083e-8,7.89211256346789e-8,1.8463603979057552e-8,false,0.05-0.4nm
2022-09-12T12:03:00Z,16,0.0000022555229861609405,0.0000023015365968603874,4.601370307000252e-8,false,0.1-0.8nm
2022-09-12T12:04:00Z,16,6.086340675892643e-8,7.92735406207612e-8,1.8410133861834765e-8,false,0.05-0.4nm
2022-09-12T12:04:00Z,16,0.0000022551971596840303,0.0000022996227926341817,4.4425679135429164e-8,false,0.1-0.8nm
2022-09-12T12:05:00Z,16,6.545971587001986e-8,8.469620382811627e-8,1.9236491510810083e-8,false,0.05-0.4nm
2022-09-12T12:05:00Z,16,0.0000022953711322770687,0.0000023396958113153232,4.4324497849856925e-8,false,0.1-0.8nm
2022-09-12T12:06:00Z,16,8.44883771833338e-8,1.0387657312094234e-7,1.9388197713965383e-8,false,0.05-0.4nm
2022-09-12T12:06:00Z,16,0.0000024340711206605192,0.000002478482656442793,4.4411638810970544e-8,false,0.1-0.8nm
2022-09-12T12:07:00Z,16,9.65398854191335e-8,1.1544977951416513e-7,1.890990120045899e-8,false,0.05-0.4nm
2022-09-12T12:07:00Z,16,0.0000025499841740384,0.000002594486659290851,4.450249591059219e-8,false,0.1-0.8nm
2022-09-12T12:08:00Z,16,9.259574085263012e-8,1.1191988136260989e-7,1.932414050997977e-8,false,0.05-0.4nm
2022-09-12T12:08:00Z,16,0.0000025573417588020675,0.0000026029995296994457,4.565768563224992e-8,false,0.1-0.8nm
2022-09-12T12:09:00Z,16,8.784278549001101e-8,1.0761814905890787e-7,1.9775361792540025e-8,false,0.05-0.4nm
2022-09-12T12:09:00Z,16,0.00000254033238888951,0.0000025874567199934972,4.712439505283328e-8,false,0.1-0.8nm
2022-09-12T12:10:00Z,16,8.282928831704339e-8,1.0300793462647562e-7,2.0178644533075385e-8,false,0.05-0.4nm
2022-09-12T12:10:00Z,16,0.0000025028134587046225,0.000002551539637352107,4.872627101804028e-8,false,0.1-0.8nm
2022-09-12T12:11:00Z,16,7.970796644940492e-8,9.985021875991151e-8,2.014225763957711e-8,false,0.05-0.4nm
2022-09-12T12:11:00Z,16,0.0000024601138193247607,0.0000025091067072935402,4.899276717651446e-8,false,0.1-0.8nm
2022-09-12T12:12:00Z,16,8.64198241856684e-8,1.063747490093192e-7,1.995492660000764e-8,false,0.05-0.4nm
2022-09-12T12:12:00Z,16,0.00000248095375354751,0.0000025308031581516843,4.984948276387513e-8,false,0.1-0.8nm
2022-09-12T12:13:00Z,16,1.173662838027667e-7,1.36737327238734e-7,1.9371046988680973e-8,false,0.05-0.4nm
2022-09-12T12:13:00Z,16,0.0000026721495487436187,0.0000027221835807722528,5.0033900578227986e-8,false,0.1-0.8nm
2022-09-12T12:14:00Z,16,1.4268971426645294e-7,1.6332239738403587e-7,2.0632688446653447e-8,false,0.05-0.4nm
2022-09-12T12:14:00Z,16,0.0000029470347726601176,0.000002998594027303625,5.155920135280212e-8,false,0.1-0.8nm
2022-09-12T12:15:00Z,16,2.1488492052412766e-7,2.3588243891481397e-7,2.099752016704315e-8,false,0.05-0.4nm
2022-09-12T12:15:00Z,16,0.0000033547746625117725,0.0000034067406886606477,5.1966026148875244e-8,false,0.1-0.8nm
2022-09-12T12:16:00Z,16,3.647765254299884e-7,3.8532294865945005e-7,2.0546419676747973e-8,false,0.05-0.4nm
2022-09-12T12:16:00Z,16,0.0000040696336327528115,0.000004121968686376931,5.233490085743142e-8,false,0.1-0.8nm
2022-09-12T12:17:00Z,16,4.888483431386703e-7,5.083334713162913e-7,1.948517258654192e-8,false,0.05-0.4nm
2022-09-12T12:17:00Z,16,0.000004876054390479112,0.0000049273689910478424,5.131455793616624e-8,false,0.1-0.8nm
2022-09-12T12:18:00Z,16,5.232287207945774e-7,5.438847665573121e-7,2.0656035104593684e-8,false,0.05-0.4nm
2022-09-12T12:18:00Z,16,0.000005449763648357475,0.000005500923634826904,5.1159904757014374e-8,false,0.1-0.8nm
2022-09-12T12:19:00Z,16,5.077318974144873e-7,5.297027882988914e-7,2.1970928187897698e-8,false,0.05-0.4nm
2022-09-12T12:19:00Z,16,0.0000057845468290906865,0.00000583639666729141,5.1849799120873286e-8,false,0.1-0.8nm
2022-09-12T12:20:00Z,16,4.480006055018748e-7,4.70328160417921e-7,2.232755669240305e-8,false,0.05-0.4nm
2022-09-12T12:20:00Z,16,0.000005868565494893119,0.000005919965133216465,5.1400018463709785e-8,false,0.1-0.8nm
2022-09-12T12:21:00Z,16,4.6536243303307856e-7,4.875846002505568e-7,2.2222154782980397e-8,false,0.05-0.4nm
2022-09-12T12:21:00Z,16,0.000006079896593291778,0.000006130717338237446,5.082052112470592e-8,false,0.1-0.8nm
2022-09-12T12:22:00Z,16,5.072724320598354e-7,5.306218326950329e-7,2.3349398858840686e-8,false,0.05-0.4nm
2022-09-12T12:22:00Z,16,0.000006269231562328059,0.000006320444754237542,5.121352231185483e-8,false,0.1-0.8nm
2022-09-12T12:23:00Z,16,4.656984344819648e-7,4.88884836613579e-7,2.3186405684327838e-8,false,0.05-0.4nm
2022-09-12T12:23:00Z,16,0.000006089765975048067,0.000006140592176961945,5.0826105990608994e-8,false,0.1-0.8nm
2022-09-12T12:24:00Z,16,4.670509952120483e-7,4.917391720482556e-7,2.468816973077992e-8,false,0.05-0.4nm
2022-09-12T12:24:00Z,16,0.000006067491540306946,0.000006118892088124994,5.14004518947786e-8,false,0.1-0.8nm
2022-09-12T12:25:00Z,16,5.356974384085333e-7,5.599679866463703e-7,2.427054646148008e-8,false,0.05-0.4nm
2022-09-12T12:25:00Z,16,0.000006315658083622111,0.000006366784873534925,5.1126725963968056e-8,false,0.1-0.8nm
2022-09-12T12:26:00Z,16,5.14792532158026e-7,5.388720296650718e-7,2.4079493954332065e-8,false,0.05-0.4nm
2022-09-12T12:26:00Z,16,0.000006149092314444715,0.000006198854407557519,4.976211442908607e-8,false,0.1-0.8nm
2022-09-12T12:27:00Z,16,4.5316571117837157e-7,4.773913815370179e-7,2.4225654371434757e-8,false,0.05-0.4nm
2022-09-12T12:27:00Z,16,0.000005852187314303592,0.000005902159955439856,4.997263758355075e-8,false,0.1-0.8nm
2022-09-12T12:28:00Z,16,3.8544538938367623e-7,4.0968069470181945e-7,2.4235319528997934e-8,false,0.05-0.4nm
2022-09-12T12:28:00Z,16,0.000005522848823602544,0.000005573063845076831,5.0214989499863805e-8,false,0.1-0.8nm
2022-09-12T12:29:00Z,16,3.186698904755758e-7,3.438710791670019e-7,2.5201172704214514e-8,false,0.05-0.4nm
2022-09-12T12:29:00Z,16,0.00000513195345774875,0.0000051826623348461,5.070906894388827e-8,false,0.1-0.8nm
2022-09-12T12:30:00Z,16,2.66180762764634e-7,2.9152423053346865e-7,2.5343457110693635e-8,false,0.05-0.4nm
2022-09-12T12:30:00Z,16,0.000004786075805895962,0.000004836918833461823,5.084294940616019e-8,false,0.1-0.8nm
2022-09-12T12:31:00Z,16,2.1939548844329693e-7,2.447397946525598e-7,2.534430265654919e-8,false,0.05-0.4nm
2022-09-12T12:31:00Z,16,0.000004406011612445582,0.000004456841907085618,5.083018450591226e-8,false,0.1-0.8nm
2022-09-12T12:32:00Z,16,1.8384137945304246e-7,2.0868678518581874e-7,2.484541283820363e-8,false,0.05-0.4nm
2022-09-12T12:32:00Z,16,0.000004047962647746317,0.000004098745648661861,5.078301512639882e-8,false,0.1-0.8nm
2022-09-12T12:33:00Z,16,1.5630108407549415e-7,1.8033108517556684e-7,2.4029995771002177e-8,false,0.05-0.4nm
2022-09-12T12:33:00Z,16,0.0000037454187804542016,0.0000037951065223751357,4.968769928836991e-8,false,0.1-0.8nm
2022-09-12T12:34:00Z,16,1.3656357111813122e-7,1.586400912856334e-7,2.2076529049286364e-8,false,0.05-0.4nm
2022-09-12T12:34:00Z,16,0.000003509396719891811,0.000003558086291377549,4.868951108960573e-8,false,0.1-0.8nm
2022-09-12T12:35:00Z,16,1.249395751301563e-7,1.4549401328167733e-7,2.055442926973683e-8,false,0.05-0.4nm
2022-09-12T12:35:00Z,16,0.000003318075641800533,0.00000336591551786114,4.784005014357717e-8,false,0.1-0.8nm
2022-09-12T12:36:00Z,16,1.1555215451153344e-7,1.371666797922444e-7,2.161452528071095e-8,false,0.05-0.4nm
2022-09-12T12:36:00Z,16,0.0000031558652153762523,0.0000032041227768786484,4.8257451368272086e-8,false,0.1-0.8nm
2022-09-12T12:37:00Z,16,1.0491124413647412e-7,1.26483783446929e-7,2.1572539310454886e-8,false,0.05-0.4nm
2022-09-12T12:37:00Z,16,0.0000030260209769039648,0.0000030742819490114925,4.82610182928056e-8,false,0.1-0.8nm
2022-09-12T12:38:00Z,16,9.759315844348748e-8,1.2034790586312738e-7,2.275474564328306e-8,false,0.05-0.4nm
2022-09-12T12:38:00Z,16,0.0000029218090276117437,0.000002970544301206246,4.8735110169673135e-8,false,0.1-0.8nm
2022-09-12T12:39:00Z,16,9.589960114908536e-8,1.177547446218341e-7,2.185514702546243e-8,false,0.05-0.4nm
2022-09-12T12:39:00Z,16,0.0000028558538360812236,0.000002903446784330299,4.759304772505857e-8,false,0.1-0.8nm
2022-09-12T12:40:00Z,16,8.786674499106084e-8,1.1206707029032259e-7,2.420032707561859e-8,false,0.05-0.4nm
2022-09-12T12:40:00Z,16,0.0000027859784950123867,0.000002833389089573757,4.741059811408377e-8,false,0.1-0.8nm
2022-09-12T12:41:00Z,16,8.219813452114977e-8,1.0731483968129396e-7,2.5116706936501032e-8,false,0.05-0.4nm
2022-09-12T12:41:00Z,16,0.0000027000100999430288,0.000002747255621216027,4.72455390365667e-8,false,0.1-0.8nm
2022-09-12T12:42:00Z,16,7.809732238683864e-8,1.0296329833181517e-7,2.4865972392262847e-8,false,0.05-0.4nm
2022-09-12T12:42:00Z,16,0.000002616946403577458,0.0000026635220820026007,4.6575667767001505e-8,false,0.1-0.8nm
2022-09-12T12:43:00Z,16,7.385416722627269e-8,9.855241955847305e-8,2.4698248779486676e-8,false,0.05-0.4nm
2022-09-12T12:43:00Z,16,0.000002538662556617055,0.000002584842832220602,4.618039284309816e-8,false,0.1-0.8nm
2022-09-12T12:44:00Z,16,7.081244746132143e-8,9.523983379722267e-8,2.4427386335901247e-8,false,0.05-0.4nm
2022-09-12T12:44:00Z,16,0.0000024764754016359802,0.000002523312787161558,4.683723275888951e-8,false,0.1-0.8nm
2022-09-12T12:45:00Z,16,6.849802502983948e-8,9.286448943157666e-8,2.4366464401737176e-8,false,0.05-0.4nm
2022-09-12T12:45:00Z,16,0.0000024287780888698762,0.000002476754389135749,4.797647790155679e-8,false,0.1-0.8nm
2022-09-12T12:46:00Z,16,6.909222349804622e-8,9.230146957861507e-8,2.3209249633282525e-8,false,0.05-0.4nm
2022-09-12T12:46:00Z,16,0.000002380892965447856,0.0000024288356144097634,4.7942645409193574e-8,false,0.1-0.8nm
2022-09-12T12:47:00Z,16,6.30639007681566e-8,8.800233075589858e-8,2.4938429987741983e-8,false,0.05-0.4nm
2022-09-12T12:47:00Z,16,0.000002340301534786704,0.000002388611846981803,4.8310202060974916e-8,false,0.1-0.8nm
2022-09-12T12:48:00Z,16,6.846824618378378e-8,9.079966645231252e-8,2.2331418492171906e-8,false,0.05-0.4nm
2022-09-12T12:48:00Z,16,0.000002334774990231381,0.0000023815523491066415,4.67773233481239e-8,false,0.1-0.8nm
2022-09-12T12:49:00Z,16,7.181548511425717e-8,9.556267599464263e-8,2.374719088038546e-8,false,0.05-0.4nm
2022-09-12T12:49:00Z,16,0.0000023609538857272128,0.000002407278088867315,4.6324323932367406e-8,false,0.1-0.8nm
2022-09-12T12:50:00Z,16,7.684584346634438e-8,1.005031649015109e-7,2.3657319658809683e-8,false,0.05-0.4nm
2022-09-12T12:50:00Z,16,0.000002405108034508885,0.000002451707587169949,4.6599542002923044e-8,false,0.1-0.8nm
2022-09-12T12:51:00Z,16,7.604037932651408e-8,9.943852319338475e-8,2.339814386687067e-8,false,0.05-0.4nm
2022-09-12T12:51:00Z,16,0.000002383492756052874,0.0000024302119072672212,4.6718994894945354e-8,false,0.1-0.8nm
2022-09-12T12:52:00Z,16,6.891811210607557e-8,9.342953433133516e-8,2.4511425777973272e-8,false,0.05-0.4nm
2022-09-12T12:52:00Z,16,0.000002347202780583757,0.000002395273668298614,4.80708770567162e-8,false,0.1-0.8nm
2022-09-12T12:53:00Z,16,6.334821023301629e-8,8.837268694605882e-8,2.502447848939937e-8,false,0.05-0.4nm
2022-09-12T12:53:00Z,16,0.00000228763087761763,0.0000023367517769656843,4.912076434493429e-8,false,0.1-0.8nm
2022-09-12T12:54:00Z,16,6.342257563574094e-8,8.811711893486063e-8,2.4694543299119687e-8,false,0.05-0.4nm
2022-09-12T12:54:00Z,16,0.00000224921041080961,0.000002298726258231909,4.9516025057982915e-8,false,0.1-0.8nm
2022-09-12T12:55:00Z,16,6.459315926576892e-8,8.989476896203996e-8,2.5301611472627883e-8,false,0.05-0.4nm
2022-09-12T12:55:00Z,16,0.000002241882839371101,0.0000022926358269614866,5.0753033775663425e-8,false,0.1-0.8nm
2022-09-12T12:56:00Z,16,7.82053888315204e-8,1.0299790886847404e-7,2.4792518260596808e-8,false,0.05-0.4nm
2022-09-12T12:56:00Z,16,0.0000023259215140569722,0.000002376920747337863,5.09991195940529e-8,false,0.1-0.8nm
2022-09-12T12:57:00Z,16,1.4874517262342124e-7,1.7503963078979723e-7,2.629445461366231e-8,false,0.05-0.4nm
2022-09-12T12:57:00Z,16,0.0000027815963221655693,0.0000028338511128822574,5.2254918614380585e-8,false,0.1-0.8nm
2022-09-12T12:58:00Z,16,4.0344136209569115e-7,4.2976648728654254e-7,2.6325121638137716e-8,false,0.05-0.4nm
2022-09-12T12:58:00Z,16,0.0000041904340832843445,0.000004243544026394375,5.3110056796867866e-8,false,0.1-0.8nm
2022-09-12T12:59:00Z,16,7.708424618613208e-7,7.971556783559208e-7,2.6313241363595807e-8,false,0.05-0.4nm
2022-09-12T12:59:00Z,16,0.000006263304840103956,0.0000063163729464577045,5.3067939376205686e-8,false,0.1-0.8nm
2022-09-12T13:00:00Z,16,8.631507171230623e-7,8.876230026544363e-7,2.4472262438735015e-8,false,0.05-0.4nm
2022-09-12T13:00:00Z,16,0.00000749032824387541,0.000007542558705608826,5.2230426206278935e-8,false,0.1-0.8nm
2022-09-12T13:01:00Z,16,7.320356871787226e-7,7.57894213165855e-7,2.5858524210775613e-8,false,0.05-0.4nm
2022-09-12T13:01:00Z,16,0.000007473429832316469,0.000007526928129664157,5.349797760345609e-8,false,0.1-0.8nm
2022-09-12T13:02:00Z,16,5.835785259478143e-7,6.094382456467429e-7,2.585974279156744e-8,false,0.05-0.4nm
2022-09-12T13:02:00Z,16,0.0000069610573518730234,0.0000070148362283362076,5.3778897779466206e-8,false,0.1-0.8nm
2022-09-12T13:03:00Z,16,4.578178618430684e-7,4.843165015699924e-7,2.6498636174210333e-8,false,0.05-0.4nm
2022-09-12T13:03:00Z,16,0.000006324423338810448,0.000006378066245815717,5.3643066877384626e-8,false,0.1-0.8nm
2022-09-12T13:04:00Z,16,3.69358730267777e-7,3.955099998620426e-7,2.61512553834109e-8,false,0.05-0.4nm
2022-09-12T13:04:00Z,16,0.000005718203283322509,0.000005771867108705919,5.366375432913628e-8,false,0.1-0.8nm
2022-09-12T13:05:00Z,16,3.000051549406635e-7,3.2707782793295337e-7,2.70726783213604e-8,false,0.05-0.4nm
2022-09-12T13:05:00Z,16,0.000005174676061869832,0.000005228700501902495,5.402471003890241e-8,false,0.1-0.8nm
2022-09-12T13:06:00Z,16,2.488558266122709e-7,2.7639080713015574e-7,2.7534978741527993e-8,false,0.05-0.4nm
2022-09-12T13:06:00Z,16,0.0000047137127694441006,0.000004767652171722148,5.393918911522633e-8,false,0.1-0.8nm
2022-09-12T13:07:00Z,16,2.1313535114586557e-7,2.414704454167804e-7,2.833510137634221e-8,false,0.05-0.4nm
2022-09-12T13:07:00Z,16,0.000004342678039392922,0.000004396993972477503,5.431566307834146e-8,false,0.1-0.8nm
2022-09-12T13:08:00Z,16,1.822333643985985e-7,2.1221573831553542e-7,2.9982366811509564e-8,false,0.05-0.4nm
2022-09-12T13:08:00Z,16,0.00000403589365305379,0.000004090785296284594,5.489149756954248e-8,false,0.1-0.8nm
2022-09-12T13:09:00Z,16,1.6361367727313336e-7,1.935520259621626e-7,2.9938352241742905e-8,false,0.05-0.4nm
2022-09-12T13:09:00Z,16,0.000003792447387240827,0.000003847349489660701,5.490201360203173e-8,false,0.1-0.8nm
2022-09-12T13:10:00Z,16,1.4499718758997915e-7,1.7492048698386498e-7,2.992329584117215e-8,false,0.05-0.4nm
2022-09-12T13:10:00Z,16,0.0000035833204492519144,0.0000036383407859830186,5.502018751712967e-8,false,0.1-0.8nm
2022-09-12T13:11:00Z,16,1.3492152106664435e-7,1.6637588373669132e-7,3.14543591173333e-8,false,0.05-0.4nm
2022-09-12T13:11:00Z,16,0.0000034132933706132462,0.0000034689871881710133,5.569373584535242e-8,false,0.1-0.8nm
2022-09-12T13:12:00Z,16,1.2292332485230872e-7,1.5384193829959258e-7,3.0918602789142824e-8,false,0.05-0.4nm
2022-09-12T13:12:00Z,16,0.0000032484656458109384,0.0000033043086204997962,5.584315587725541e-8,false,0.1-0.8nm
2022-09-12T13:13:00Z,16,1.1521559173388596e-7,1.458911782492578e-7,3.067559362079919e-8,false,0.05-0.4nm
2022-09-12T13:13:00Z,16,0.0000031268202747014584,0.0000031824915822653566,5.56712826949024e-8,false,0.1-0.8nm
2022-09-12T13:14:00Z,16,1.0990321186454821e-7,1.40080743449289e-7,3.017754224288183e-8,false,0.05-0.4nm
2022-09-12T13:14:00Z,16,0.000003014618869201513,0.000003070375669267378,5.575680361857849e-8,false,0.1-0.8nm
2022-09-12T13:15:00Z,16,1.0369763714379587e-7,1.3443110447042272e-7,3.073346732662685e-8,false,0.05-0.4nm
2022-09-12T13:15:00Z,16,0.000002926623665189254,0.0000029825525871274294,5.592891838546166e-8,false,0.1-0.8nm
2022-09-12T13:16:00Z,16,1.0667403671504871e-7,1.372611961869552e-7,3.058715947190649e-8,false,0.05-0.4nm
2022-09-12T13:16:00Z,16,0.0000029700006507482613,0.000003026016429430456,5.601577157676729e-8,false,0.1-0.8nm
2022-09-12T13:17:00Z,16,1.1493885665458947e-7,1.4625635458287434e-7,3.131750503371222e-8,false,0.05-0.4nm
2022-09-12T13:17:00Z,16,0.000003024576017196523,0.0000030806404538452625,5.6064518361154114e-8,false,0.1-0.8nm
2022-09-12T13:18:00Z,16,1.0128728433755896e-7,1.324625884535635e-7,3.1175304116004554e-8,false,0.05-0.4nm
2022-09-12T13:18:00Z,16,0.0000028726635719067417,0.000002929023366959882,5.635983058027705e-8,false,0.1-0.8nm
2022-09-12T13:19:00Z,16,8.956394026427006e-8,1.195649446117386e-7,3.000100434746855e-8,false,0.05-0.4nm
2022-09-12T13:19:00Z,16,0.0000027223466076975456,0.0000027779403808381176,5.55936239265975e-8,false,0.1-0.8nm
2022-09-12T13:20:00Z,16,8.423858588457733e-8,1.1294622481727856e-7,2.8707642485414908e-8,false,0.05-0.4nm
2022-09-12T13:20:00Z,16,0.0000026077118491230067,0.00000266194933828956,5.42375779843951e-8,false,0.1-0.8nm
2022-09-12T13:21:00Z,16,8.020109021344979e-8,1.0661517535481835e-7,2.641407981229804e-8,false,0.05-0.4nm
2022-09-12T13:21:00Z,16,0.0000025404408461326966,0.000002593642648207606,5.320188378732382e-8,false,0.1-0.8nm
2022-09-12T13:22:00Z,16,7.88238097015892e-8,1.0616440704325214e-7,2.7340593788949263e-8,false,0.05-0.4nm
2022-09-12T13:22:00Z,16,0.0000024942844447650714,0.0000025474384983681375,5.3154160184476495e-8,false,0.1-0.8nm
2022-09-12T13:23:00Z,16,7.129857237941906e-8,9.89857511513037e-8,2.7687180548241486e-8,false,0.05-0.4nm
2022-09-12T13:23:00Z,16,0.0000024258258690679213,0.000002478734586475184,5.290885241038268e-8,false,0.1-0.8nm
2022-09-12T13:24:00Z,16,6.597859680823603e-8,9.340983808669989e-8,2.7431244831177537e-8,false,0.05-0.4nm
2022-09-12T13:24:00Z,16,0.0000023564405182696646,0.000002409067292319378,5.2626567992319906e-8,false,0.1-0.8nm
2022-09-12T13:25:00Z,16,6.350688153133888e-8,8.988202182536043e-8,2.637514029402155e-8,false,0.05-0.4nm
2022-09-12T13:25:00Z,16,0.0000022943845578993205,0.0000023465263438993134,5.214178955270654e-8,false,0.1-0.8nm
2022-09-12T13:26:00Z,16,6.131374163942382e-8,8.653555028104165e-8,2.5221806865260987e-8,false,0.05-0.4nm
2022-09-12T13:26:00Z,16,0.0000022387544049706776,0.000002290236352564534,5.148207193883536e-8,false,0.1-0.8nm
2022-09-12T13:27:00Z,16,6.152812659365736e-8,8.72870771218004e-8,2.5758950528143032e-8,false,0.05-0.4nm
2022-09-12T13:27:00Z,16,0.0000021966081931168446,0.0000022481381165562198,5.152984883238787e-8,false,0.1-0.8nm
2022-09-12T13:28:00Z,16,5.9188121070974375e-8,8.510874494049858e-8,2.5920622093167367e-8,false,0.05-0.4nm
2022-09-12T13:28:00Z,16,0.0000021514356376428623,0.0000022029798856237903,5.154413429409033e-8,false,0.1-0.8nm
2022-09-12T13:29:00Z,16,5.6629605893476764e-8,8.447457844340533e-8,2.7844968997214892e-8,false,0.05-0.4nm
2022-09-12T13:29:00Z,16,0.0000020972599941160297,0.000002149249667127151,5.198960550956144e-8,false,0.1-0.8nm
2022-09-12T13:30:00Z,16,5.227327548595895e-8,8.290908937169661e-8,3.063581033302398e-8,false,0.05-0.4nm
2022-09-12T13:30:00Z,16,0.0000020676384338003118,0.0000021212226783973165,5.3584312098564624e-8,false,0.1-0.8nm
2022-09-12T13:31:00Z,16,5.583508766449086e-8,8.542387774923554e-8,2.958878653203101e-8,false,0.05-0.4nm
2022-09-12T13:31:00Z,16,0.0000020564309579640394,0.000002109493834723253,5.30627417560936e-8,false,0.1-0.8nm
2022-09-12T13:32:00Z,16,5.589555485130404e-8,8.520297711811509e-8,2.9307420490454206e-8,false,0.05-0.4nm
2022-09-12T13:32:00Z,16,0.000002041440211542067,0.000002093849843731732,5.240957179353245e-8,false,0.1-0.8nm
2022-09-12T13:33:00Z,16,5.537433622748722e-8,8.520245842191798e-8,2.982812219443076e-8,false,0.05-0.4nm
2022-09-12T13:33:00Z,16,0.000002038265165538178,0.0000020917484562232858,5.3483219630834355e-8,false,0.1-0.8nm
2022-09-12T13:34:00Z,16,5.7939413267149575e-8,8.778787474739147e-8,2.9848461480241895e-8,false,0.05-0.4nm
2022-09-12T13:34:00Z,16,0.0000020464876797632314,0.00000210023540603288,5.374783640377245e-8,false,0.1-0.8nm
2022-09-12T13:35:00Z,16,5.993075546939508e-8,8.943862894739141e-8,2.9507869925282648e-8,false,0.05-0.4nm
2022-09-12T13:35:00Z,16,0.0000020721363398479298,0.0000021262490008666646,5.411262904431169e-8,false,0.1-0.8nm
2022-09-12T13:36:00Z,16,6.40676489638281e-8,9.322840099912355e-8,2.9160748482581766e-8,false,0.05-0.4nm
2022-09-12T13:36:00Z,16,0.000002123844296875177,0.0000021782034309580922,5.4359006185222825e-8,false,0.1-0.8nm
2022-09-12T13:37:00Z,16,6.499804072745974e-8,9.362136665913567e-8,2.8623329484389615e-8,false,0.05-0.4nm
2022-09-12T13:37:00Z,16,0.0000021179148461669683,0.0000021722948986280244,5.437998851220982e-8,false,0.1-0.8nm
2022-09-12T13:38:00Z,16,6.129530305543085e-8,8.898219050479383e-8,2.7686891002076663e-8,false,0.05-0.4nm
2022-09-12T13:38:00Z,16,0.0000020839333956246264,0.0000021380242287705187,5.409094328001629e-8,false,0.1-0.8nm
2022-09-12T13:39:00Z,16,5.875011410694242e-8,8.662303940809579e-8,2.7872921748439694e-8,false,0.05-0.4nm
2022-09-12T13:39:00Z,16,0.000002057598749161116,0.0000021123694295965834,5.4770641355617045e-8,false,0.1-0.8nm
2022-09-12T13:40:00Z,16,5.912892220294452e-8,8.730161482617405e-8,2.8172694399586362e-8,false,0.05-0.4nm
2022-09-12T13:40:00Z,16,0.000002062106432276778,0.0000021167072645766893,5.460088203790292e-8,false,0.1-0.8nm
2022-09-12T13:41:00Z,16,5.363573407635158e-8,8.116963812199174e-8,2.7533905821996996e-8,false,0.05-0.4nm
2022-09-12T13:41:00Z,16,0.0000019911972231057007,0.0000020460972791624954,5.489997789709378e-8,false,0.1-0.8nm
2022-09-12T13:42:00Z,16,5.419238746640076e-8,8.22278423129319e-8,2.8035456622887978e-8,false,0.05-0.4nm
2022-09-12T13:42:00Z,16,0.000001962330998139805,0.0000020177742499072338,5.544326597828331e-8,false,0.1-0.8nm
2022-09-12T13:43:00Z,16,5.448427842225101e-8,8.349896774006993e-8,2.901469109417576e-8,false,0.05-0.4nm
2022-09-12T13:43:00Z,16,0.0000019640121990960324,0.0000020203426629450405,5.6330485165290156e-8,false,0.1-0.8nm
2022-09-12T13:44:00Z,16,5.877772224494038e-8,8.792110151034649e-8,2.914338281811979e-8,false,0.05-0.4nm
2022-09-12T13:44:00Z,16,0.0000019872102257068036,0.000002043892664005398,5.668260527613711e-8,false,0.1-0.8nm
2022-09-12T13:45:00Z,16,6.176210831654316e-8,9.195974826070596e-8,3.019763639144912e-8,false,0.05-0.4nm
2022-09-12T13:45:00Z,16,0.000002044665734501905,0.000002101314748870209,5.664907831715027e-8,false,0.1-0.8nm
2022-09-12T13:46:00Z,16,6.104475858137448e-8,9.086223684562356e-8,2.9817481816962754e-8,false,0.05-0.4nm
2022-09-12T13:46:00Z,16,0.000002034758381341817,0.0000020917600522807334,5.700166028077547e-8,false,0.1-0.8nm
2022-09-12T13:47:00Z,16,6.33535535143892e-8,9.341427187337104e-8,3.006071480626815e-8,false,0.05-0.4nm
2022-09-12T13:47:00Z,16,0.000002068613184746937,0.0000021253219983918825,5.670863600926168e-8,false,0.1-0.8nm
2022-09-12T13:48:00Z,16,6.089659621011378e-8,9.123176170078295e-8,3.033516904338285e-8,false,0.05-0.4nm
2022-09-12T13:48:00Z,16,0.0000020788604615518125,0.0000021357141122280154,5.68536435707756e-8,false,0.1-0.8nm
2022-09-12T13:49:00Z,16,6.08978680816108e-8,9.026041425386211e-8,2.9362547948608153e-8,false,0.05-0.4nm
2022-09-12T13:49:00Z,16,0.000002050712510026642,0.0000021064388420199975,5.572649186547096e-8,false,0.1-0.8nm
2022-09-12T13:50:00Z,16,5.672806224765736e-8,8.565797315895907e-8,2.8929914464015383e-8,false,0.05-0.4nm
2022-09-12T13:50:00Z,16,0.0000019916326436941745,0.0000020476106783462455,5.59781980769003e-8,false,0.1-0.8nm
2022-09-12T13:51:00Z,16,5.393805935227647e-8,8.28999233704053e-8,2.8961869347199354e-8,false,0.05-0.4nm
2022-09-12T13:51:00Z,16,0.000001947298187587876,0.000002002922201427282,5.562405647197011e-8,false,0.1-0.8nm
2022-09-12T13:52:00Z,16,5.399467539746183e-8,8.316833088883868e-8,2.9173657267733688e-8,false,0.05-0.4nm
2022-09-12T13:52:00Z,16,0.0000019145829810440773,0.000001970520315808244,5.593753371613275e-8,false,0.1-0.8nm
2022-09-12T13:53:00Z,16,5.234850419810755e-8,8.073803314800898e-8,2.8389530726258272e-8,false,0.05-0.4nm
2022-09-12T13:53:00Z,16,0.00000190667151400703,0.0000019619531030912185,5.528159618961581e-8,false,0.1-0.8nm
2022-09-12T13:54:00Z,16,5.4495309598223685e-8,8.326274780756648e-8,2.876743998569964e-8,false,0.05-0.4nm
2022-09-12T13:54:00Z,16,0.0000019333165255375206,0.0000019887061171175446,5.538967684515228e-8,false,0.1-0.8nm
2022-09-12T13:55:00Z,16,5.809087610941788e-8,8.722134481331523e-8,2.913046515118367e-8,false,0.05-0.4nm
2022-09-12T13:55:00Z,16,0.0000019706940292962827,0.0000020262430098227924,5.55487957853984e-8,false,0.1-0.8nm
2022-09-12T13:56:00Z,16,6.330645874186303e-8,9.345757234768826e-8,3.015111360582523e-8,false,0.05-0.4nm
2022-09-12T13:56:00Z,16,0.0000020355728338472545,0.000002091937403747579,5.636463029645711e-8,false,0.1-0.8nm
2022-09-12T13:57:00Z,16,6.763413296084764e-8,9.786121069055298e-8,3.022707772970534e-8,false,0.05-0.4nm
2022-09-12T13:57:00Z,16,0.0000020703939753730083,0.000002127388597727986,5.699476091081124e-8,false,0.1-0.8nm
2022-09-12T13:58:00Z,16,6.670570940059406e-8,9.782396404034444e-8,3.1118258192464054e-8,false,0.05-0.4nm
2022-09-12T13:58:00Z,16,0.0000020501647668424994,0.000002107395857819938,5.7231037686733544e-8,false,0.1-0.8nm
2022-09-12T13:59:00Z,16,6.393323559450437e-8,9.398896594348116e-8,3.0055733901690473e-8,false,0.05-0.4nm
2022-09-12T13:59:00Z,16,0.0000020405955183377955,0.000002097197466355283,5.660182722522222e-8,false,0.1-0.8nm
2022-09-12T14:00:00Z,16,6.53097202985009e-8,9.59998089911096e-8,3.06900886926087e-8,false,0.05-0.4nm
2022-09-12T14:00:00Z,16,0.0000020431189113878645,0.0000020999607386329444,5.6841880535785094e-8,false,0.1-0.8nm
2022-09-12T14:01:00Z,16,6.464036061970546e-8,9.596179495474644e-8,3.13214307823273e-8,false,0.05-0.4nm
2022-09-12T14:01:00Z,16,0.0000020395550563989673,0.0000020975580810045358,5.8003006842000104e-8,false,0.1-0.8nm
2022-09-12T14:02:00Z,16,6.405319652458275e-8,9.653300736545134e-8,3.2479807288154916e-8,false,0.05-0.4nm
2022-09-12T14:02:00Z,16,0.0000020321922420407645,0.0000020906729787384393,5.8480598141841256e-8,false,0.1-0.8nm
2022-09-12T14:03:00Z,16,6.767059801404685e-8,1.0052259113990658e-7,3.2851996678573414e-8,false,0.05-0.4nm
2022-09-12T14:03:00Z,16,0.0000020653160390793346,0.0000021237410692265257,5.8424951987490203e-8,false,0.1-0.8nm
2022-09-12T14:04:00Z,16,6.957935738682863e-8,1.0223651258911559e-7,3.265715164957328e-8,false,0.05-0.4nm
2022-09-12T14:04:00Z,16,0.0000020976365249225637,0.0000021559756078204373,5.83390153963137e-8,false,0.1-0.8nm
2022-09-12T14:05:00Z,16,6.68170301310056e-8,1.004265115511771e-7,3.3609481420171505e-8,false,0.05-0.4nm
2022-09-12T14:05:00Z,16,0.0000021073124116810504,0.0000021658313471561996,5.851879691931572e-8,false,0.1-0.8nm
2022-09-12T14:06:00Z,16,6.975471933401423e-8,1.0254547788690616e-7,3.279076210560561e-8,false,0.05-0.4nm
2022-09-12T14:06:00Z,16,0.000002131542260030983,0.000002189712176914327,5.8169995043044764e-8,false,0.1-0.8nm
2022-09-12T14:07:00Z,16,7.121413858612868e-8,1.0496803781734343e-7,3.3753899231214746e-8,false,0.05-0.4nm
2022-09-12T14:07:00Z,16,0.0000021602868400805164,0.0000022188773982634302,5.859050844492231e-8,false,0.1-0.8nm
2022-09-12T14:08:00Z,16,6.961794696280776e-8,1.0259503113729807e-7,3.29770841744903e-8,false,0.05-0.4nm
2022-09-12T14:08:00Z,16,0.0000021333169115678174,0.000002191027078879415,5.7710316525572125e-8,false,0.1-0.8nm
2022-09-12T14:09:00Z,16,6.751858450115833e-8,1.0091832081116081e-7,3.33997327572888e-8,false,0.05-0.4nm
2022-09-12T14:09:00Z,16,0.0000021026176000304986,0.000002161041265935637,5.84236623524248e-8,false,0.1-0.8nm
2022-09-12T14:10:00Z,16,6.409439379240212e-8,9.852707449908849e-8,3.443268070668637e-8,false,0.05-0.4nm
2022-09-12T14:10:00Z,16,0.000002085292635456426,0.000002144061681974563,5.876904651813675e-8,false,0.1-0.8nm
2022-09-12T14:11:00Z,16,6.418267872732031e-8,9.86629160593111e-8,3.448023733199079e-8,false,0.05-0.4nm
2022-09-12T14:11:00Z,16,0.0000020768193280673586,0.000002135125896529644,5.830661464756304e-8,false,0.1-0.8nm
2022-09-12T14:12:00Z,16,6.707054467369744e-8,1.0139601869241233e-7,3.4325474018714885e-8,false,0.05-0.4nm
2022-09-12T14:12:00Z,16,0.000002072594497803948,0.000002130934944943874,5.834040095464843e-8,false,0.1-0.8nm
2022-09-12T14:13:00Z,16,6.766197202523472e-8,1.0238694159170336e-7,3.4724969566468644e-8,false,0.05-0.4nm
2022-09-12T14:13:00Z,16,0.0000020757511265401263,0.000002133755742761423,5.8004459901894734e-8,false,0.1-0.8nm
2022-09-12T14:14:00Z,16,6.68185720087422e-8,1.012814294654163e-7,3.446286100938778e-8,false,0.05-0.4nm
2022-09-12T14:14:00Z,16,0.0000020814511572098127,0.0000021395051135186804,5.805399894143193e-8,false,0.1-0.8nm
2022-09-12T14:15:00Z,16,6.702938293301486e-8,1.0169443953600421e-7,3.466505660298935e-8,false,0.05-0.4nm
2022-09-12T14:15:00Z,16,0.0000020869520085398108,0.0000021447895051096566,5.7837375777580746e-8,false,0.1-0.8nm
2022-09-12T14:16:00Z,16,6.204611224802647e-8,9.678507240096224e-8,3.473896015293576e-8,false,0.05-0.4nm
2022-09-12T14:16:00Z,16,0.0000020714155652967747,0.0000021287307845341275,5.731525476448951e-8,false,0.1-0.8nm
2022-09-12T14:17:00Z,16,6.18397777429891e-8,9.566777947611627e-8,3.3828005285840845e-8,false,0.05-0.4nm
2022-09-12T14:17:00Z,16,0.0000020446029793674825,0.0000021013299829064636,5.672697866998533e-8,false,0.1-0.8nm
2022-09-12T14:18:00Z,16,5.8763369281678024e-8,9.25915202287797e-8,3.3828154499815355e-8,false,0.05-0.4nm
2022-09-12T14:18:00Z,16,0.000002000937456614338,0.0000020574645986926043,5.6527245106963164e-8,false,0.1-0.8nm
2022-09-12T14:19:00Z,16,5.642803557748266e-8,9.080641660830224e-8,3.437838103081958e-8,false,0.05-0.4nm
2022-09-12T14:19:00Z,16,0.000001975077111637802,0.0000020321199372119736,5.704279004703494e-8,false,0.1-0.8nm
2022-09-12T14:20:00Z,16,5.619568099746175e-8,8.967140274762642e-8,3.3475725302878345e-8,false,0.05-0.4nm
2022-09-12T14:20:00Z,16,0.0000019609922219387954,0.0000020172287804598454,5.6236721945879253e-8,false,0.1-0.8nm
2022-09-12T14:21:00Z,16,5.605369679528849e-8,9.04591388461995e-8,3.4405442050911006e-8,false,0.05-0.4nm
2022-09-12T14:21:00Z,16,0.000001951533931787708,0.000002008114734053379,5.658080937109844e-8,false,0.1-0.8nm
2022-09-12T14:22:00Z,16,6.03413354838267e-8,9.42160198746933e-8,3.3874684390866605e-8,false,0.05-0.4nm
2022-09-12T14:22:00Z,16,0.0000019698445612448268,0.000002026122729148483,5.627828514320754e-8,false,0.1-0.8nm
2022-09-12T14:23:00Z,16,6.309686284566851e-8,9.809618006784149e-8,3.4999317222172976e-8,false,0.05-0.4nm
2022-09-12T14:23:00Z,16,0.0000019813621747744037,0.000002038479578914121,5.711745743042229e-8,false,0.1-0.8nm
2022-09-12T14:24:00Z,16,7.126657664002778e-8,1.0566259334154893e-7,3.4396023806948506e-8,false,0.05-0.4nm
2022-09-12T14:24:00Z,16,0.000002025575440711691,0.0000020823520117119187,5.677643599710791e-8,false,0.1-0.8nm
2022-09-12T14:25:00Z,16,7.3901105679397e-8,1.0904140168577214e-7,3.514029600637514e-8,false,0.05-0.4nm
2022-09-12T14:25:00Z,16,0.0000020715340269816807,0.0000021290661607054062,5.7532105302016134e-8,false,0.1-0.8nm
2022-09-12T14:26:00Z,16,7.325952822156978e-8,1.0877298706191141e-7,3.551345884034163e-8,false,0.05-0.4nm
2022-09-12T14:26:00Z,16,0.000002076677446893882,0.0000021344203560147434,5.7742806092164756e-8,false,0.1-0.8nm
2022-09-12T14:27:00Z,16,7.181290584412636e-8,1.07686503270088e-7,3.5873597425961634e-8,false,0.05-0.4nm
2022-09-12T14:27:00Z,16,0.0000020735299131047213,0.000002131800783899962,5.8270757108402904e-8,false,0.1-0.8nm
2022-09-12T14:28:00Z,16,7.074940810980479e-8,1.0628309610183351e-7,3.553368443931504e-8,false,0.05-0.4nm
2022-09-12T14:28:00Z,16,0.0000020677500742749544,0.000002125860874002683,5.811068604089087e-8,false,0.1-0.8nm
2022-09-12T14:29:00Z,16,7.103585630829912e-8,1.0685351981010172e-7,3.581766705451628e-8,false,0.05-0.4nm
2022-09-12T14:29:00Z,16,0.0000020640536604332738,0.0000021218891106400406,5.783538270520694e-8,false,0.1-0.8nm
2022-09-12T14:30:00Z,16,7.022061510042477e-8,1.0717353404743335e-7,3.6952918947008584e-8,false,0.05-0.4nm
2022-09-12T14:30:00Z,16,0.000002070653408736689,0.0000021294499674695544,5.879666886698942e-8,false,0.1-0.8nm
2022-09-12T14:31:00Z,16,7.465804685580224e-8,1.1125610654971752e-7,3.6598059693915275e-8,false,0.05-0.4nm
2022-09-12T14:31:00Z,16,0.0000020819809378735954,0.0000021406849555205554,5.870411712294299e-8,false,0.1-0.8nm
2022-09-12T14:32:00Z,16,7.195588835884337e-8,1.092530013124815e-7,3.7297112953638134e-8,false,0.05-0.4nm
2022-09-12T14:32:00Z,16,0.0000020765535282407654,0.000002135932845703792,5.9379335226594776e-8,false,0.1-0.8nm
2022-09-12T14:33:00Z,16,7.51192814618662e-8,1.11825244175634e-7,3.670596626648148e-8,false,0.05-0.4nm
2022-09-12T14:33:00Z,16,0.0000020659701931435848,0.0000021253163140499964,5.934599656143291e-8,false,0.1-0.8nm
2022-09-12T14:34:00Z,16,7.561421000445989e-8,1.1307965763762695e-7,3.746544408045338e-8,false,0.05-0.4nm
2022-09-12T14:34:00Z,16,0.000002070002892651246,0.0000021293678855727194,5.9364943183481955e-8,false,0.1-0.8nm
2022-09-12T14:35:00Z,16,7.06612226508696e-8,1.084004139784156e-7,3.7739191327545996e-8,false,0.05-0.4nm
2022-09-12T14:35:00Z,16,0.0000020537029286060715,0.000002113317350449506,5.961428684031489e-8,false,0.1-0.8nm
2022-09-12T14:36:00Z,16,7.041790439643592e-8,1.0757388224647002e-7,3.7155977850034105e-8,false,0.05-0.4nm
2022-09-12T14:36:00Z,16,0.0000020480806597333867,0.000002107025466102641,5.894463583899778e-8,false,0.1-0.8nm
2022-09-12T14:37:00Z,16,6.795517037971877e-8,1.0545535644723714e-7,3.750018962023205e-8,false,0.05-0.4nm
2022-09-12T14:37:00Z,16,0.000002036380465142429,0.000002095692934744875,5.9312398548172496e-8,false,0.1-0.8nm
2022-09-12T14:38:00Z,16,6.890446258012162e-8,1.0582189702290634e-7,3.6917437995498403e-8,false,0.05-0.4nm
2022-09-12T14:38:00Z,16,0.0000020335157842055196,0.0000020923932879668428,5.8877400732626484e-8,false,0.1-0.8nm
2022-09-12T14:39:00Z,16,7.429420634252892e-8,1.111377940787861e-7,3.6843594841684535e-8,false,0.05-0.4nm
2022-09-12T14:39:00Z,16,0.0000020845488961640513,0.0000021438677322294097,5.931880764364905e-8,false,0.1-0.8nm
2022-09-12T14:40:00Z,16,7.781902411352348e-8,1.150942523509002e-7,3.727522823737672e-8,false,0.05-0.4nm
2022-09-12T14:40:00Z,16,0.000002136600869562244,0.0000021960611320537282,5.9460315782189355e-8,false,0.1-0.8nm
2022-09-12T14:41:00Z,16,7.75394397578566e-8,1.1517820297513026e-7,3.763876676998734e-8,false,0.05-0.4nm
2022-09-12T14:41:00Z,16,0.0000021784235286759213,0.0000022381752842193237,5.975181238682126e-8,false,0.1-0.8nm
2022-09-12T14:42:00Z,16,7.953279634875798e-8,1.17461823379017e-7,3.792902703025902e-8,false,0.05-0.4nm
2022-09-12T14:42:00Z,16,0.0000021908533653913764,0.0000022506076220452087,5.975434191896056e-8,false,0.1-0.8nm
2022-09-12T14:43:00Z,16,8.076278845692286e-8,1.192404681660264e-7,3.847767970910354e-8,false,0.05-0.4nm
2022-09-12T14:43:00Z,16,0.000002201318693551002,0.000002261143663417897,5.982509776458755e-8,false,0.1-0.8nm
2022-09-12T14:44:00Z,16,8.498563630610079e-8,1.2323107512202114e-7,3.8245431710492994e-8,false,0.05-0.4nm
2022-09-12T14:44:00Z,16,0.000002231384542028536,0.0000022915969566383865,6.021227250130323e-8,false,0.1-0.8nm
2022-09-12T14:45:00Z,16,7.516554489939153e-8,1.139835674734968e-7,3.881802612681895e-8,false,0.05-0.4nm
2022-09-12T14:45:00Z,16,0.000002143175834135036,0.000002203521489718696,6.03456413728054e-8,false,0.1-0.8nm
2022-09-12T14:46:00Z,16,6.936426188985934e-8,1.0714683185142349e-7,3.778256996156415e-8,false,0.05-0.4nm
2022-09-12T14:46:00Z,16,0.000002065115722871269,0.0000021250557438179385,5.994004226295147e-8,false,0.1-0.8nm
2022-09-12T14:47:00Z,16,6.772059180093493e-8,1.0499113756168299e-7,3.7270542208034385e-8,false,0.05-0.4nm
2022-09-12T14:47:00Z,16,0.0000019985563994850963,0.000002058528934867354,5.997255669853985e-8,false,0.1-0.8nm
2022-09-12T14:48:00Z,16,6.575873356950979e-8,1.0358462532167323e-7,3.782589530487712e-8,false,0.05-0.4nm
2022-09-12T14:48:00Z,16,0.000001955081415871973,0.00000201494071916386,5.985926776475026e-8,false,0.1-0.8nm
2022-09-12T14:49:00Z,16,6.302565225269063e-8,1.0113971171676894e-7,3.811406301679199e-8,false,0.05-0.4nm
2022-09-12T14:49:00Z,16,0.0000019208539470128017,0.0000019812819118669722,6.042790090532435e-8,false,0.1-0.8nm
2022-09-12T14:50:00Z,16,6.413028330598536e-8,1.0219505952591135e-7,3.806477977263967e-8,false,0.05-0.4nm
2022-09-12T14:50:00Z,16,0.000001883618779174867,0.000001944135192388785,6.051635637049912e-8,false,0.1-0.8nm
2022-09-12T14:51:00Z,16,6.369612748358122e-8,1.030885954378391e-7,3.939246795425788e-8,false,0.05-0.4nm
2022-09-12T14:51:00Z,16,0.0000018573927036413806,0.0000019188116766599705,6.141906538914554e-8,false,0.1-0.8nm
2022-09-12T14:52:00Z,16,6.3604026934172e-8,1.0335750033618751e-7,3.9753473402015516e-8,false,0.05-0.4nm
2022-09-12T14:52:00Z,16,0.0000018518776414566673,0.000001913494315886055,6.161662469139628e-8,false,0.1-0.8nm
2022-09-12T14:53:00Z,16,6.243939765226969e-8,1.0218679591389446e-7,3.974739826162477e-8,false,0.05-0.4nm
2022-09-12T14:53:00Z,16,0.0000018496049278837745,0.000001911027311507496,6.142230546402061e-8,false,0.1-0.8nm
2022-09-12T14:54:00Z,16,6.354239445727217e-8,1.029752922931948e-7,3.943289783592263e-8,false,0.05-0.4nm
2022-09-12T14:54:00Z,16,0.0000018275226238984033,0.0000018890398223447846,6.151719844638137e-8,false,0.1-0.8nm
2022-09-12T14:55:00Z,16,6.063892499241774e-8,1.0043510201285244e-7,3.97961770204347e-8,false,0.05-0.4nm
2022-09-12T14:55:00Z,16,0.000001804517410164408,0.0000018658214457900613,6.130410667992692e-8,false,0.1-0.8nm
2022-09-12T14:56:00Z,16,6.037171118578044e-8,1.0050464993582864e-7,4.0132942302761876e-8,false,0.05-0.4nm
2022-09-12T14:56:00Z,16,0.0000017775452079149545,0.0000018390818468105863,6.153656784135819e-8,false,0.1-0.8nm
2022-09-12T14:57:00Z,16,5.5638722074036195e-8,9.624591257306747e-8,4.0607194051744955e-8,false,0.05-0.4nm
2022-09-12T14:57:00Z,16,0.0000017527596583022387,0.0000018141932969228947,6.143358177723712e-8,false,0.1-0.8nm
2022-09-12T14:58:00Z,16,5.494264243566249e-8,9.498401709606696e-8,4.004137110769079e-8,false,0.05-0.4nm
2022-09-12T14:58:00Z,16,0.000001723808168208052,0.000001785580707291956,6.177248224048526e-8,false,0.1-0.8nm
2022-09-12T14:59:00Z,16,5.3936858535053034e-8,9.347117924107806e-8,3.953432070602503e-8,false,0.05-0.4nm
2022-09-12T14:59:00Z,16,0.0000017112487284975941,0.0000017730477566146874,6.17989712736744e-8,false,0.1-0.8nm
2022-09-12T15:00:00Z,16,5.290046090067335e-8,9.264336853220811e-8,3.9742904078821084e-8,false,0.05-0.4nm
2022-09-12T15:00:00Z,16,0.0000016862629763636505,0.0000017482532257417915,6.199024937814102e-8,false,0.1-0.8nm
2022-09-12T15:01:00Z,16,5.275882486444061e-8,9.139841239402813e-8,3.8639587529587516e-8,false,0.05-0.4nm
2022-09-12T15:01:00Z,16,0.0000016622246903352789,0.0000017234666529475362,6.124196261225734e-8,false,0.1-0.8nm
2022-09-12T15:02:00Z,16,5.157564331170761e-8,9.054796379359686e-8,3.8972320481889255e-8,false,0.05-0.4nm
2022-09-12T15:02:00Z,16,0.000001641718199607567,0.0000017031707102432847,6.14524893194357e-8,false,0.1-0.8nm
2022-09-12T15:03:00Z,16,5.0798412587482744e-8,8.882170732249506e-8,3.8023294735012314e-8,false,0.05-0.4nm
2022-09-12T15:03:00Z,16,0.0000016246439145106706,0.0000016858429034982692,6.119893214417971e-8,false,0.1-0.8nm
2022-09-12T15:04:00Z,16,5.080677567548264e-8,8.908829585152489e-8,3.828152017604225e-8,false,0.05-0.4nm
2022-09-12T15:04:00Z,16,0.000001624273750167049,0.0000016852882254170254,6.101452498796789e-8,false,0.1-0.8nm
2022-09-12T15:05:00Z,16,4.850034329706432e-8,8.843949217407499e-8,3.9939152429724345e-8,false,0.05-0.4nm
2022-09-12T15:05:00Z,16,0.0000016135629721247824,0.0000016756396234995918,6.207663716395473e-8,false,0.1-0.8nm
2022-09-12T15:06:00Z,16,4.9326853712727825e-8,8.72412755370533e-8,3.791442537703915e-8,false,0.05-0.4nm
2022-09-12T15:06:00Z,16,0.0000016121348380693235,0.000001673375891186879,6.124106022298292e-8,false,0.1-0.8nm
2022-09-12T15:07:00Z,16,4.837806599766736e-8,8.855889177539211e-8,4.018082577772475e-8,false,0.05-0.4nm
2022-09-12T15:07:00Z,16,0.0000016193072269743425,0.0000016815409935588832,6.223383763881429e-8,false,0.1-0.8nm
2022-09-12T15:08:00Z,16,5.2326061705798566e-8,9.143425927504722e-8,3.910820112196234e-8,false,0.05-0.4nm
2022-09-12T15:08:00Z,16,0.0000016298487253152416,0.0000016912946421143715,6.144589548284785e-8,false,0.1-0.8nm
2022-09-12T15:09:00Z,16,5.308694639438727e-8,9.186472738065277e-8,3.87777809862655e-8,false,0.05-0.4nm
2022-09-12T15:09:00Z,16,0.000001656987592468795,0.0000017187783214467345,6.179071476708486e-8,false,0.1-0.8nm
2022-09-12T15:10:00Z,16,5.4052250675340474e-8,9.349772511768606e-8,3.9445474442345585e-8,false,0.05-0.4nm
2022-09-12T15:10:00Z,16,0.0000016699843854439678,0.0000017322394114671624,6.225503312862202e-8,false,0.1-0.8nm
2022-09-12T15:11:00Z,16,5.5288008837806046e-8,9.487979468758567e-8,3.9591785849779626e-8,false,0.05-0.4nm
2022-09-12T15:11:00Z,16,0.0000016790520476206439,0.0000017410596910849563,6.200764346431242e-8,false,0.1-0.8nm
2022-09-12T15:12:00Z,16,5.673834735375749e-8,9.715390802966795e-8,4.0415564228624135e-8,false,0.05-0.4nm
2022-09-12T15:12:00Z,16,0.0000017080641327993362,0.0000017707061488181353,6.264207996764526e-8,false,0.1-0.8nm
2022-09-12T15:13:00Z,16,5.7113005880182754e-8,9.661756905643415e-8,3.9504559623537716e-8,false,0.05-0.4nm
2022-09-12T15:13:00Z,16,0.0000017074385141313542,0.0000017693110976324533,6.187256929024443e-8,false,0.1-0.8nm
2022-09-12T15:14:00Z,16,5.4762789858386896e-8,9.463856542879512e-8,3.98757791231219e-8,false,0.05-0.4nm
2022-09-12T15:14:00Z,16,0.0000017027745116138249,0.0000017646150354266865,6.184050249657957e-8,false,0.1-0.8nm
2022-09-12T15:15:00Z,16,5.6910952395128334e-8,9.636172393356901e-8,3.9450767985727e-8,false,0.05-0.4nm
2022-09-12T15:15:00Z,16,0.0000016868442571649211,0.0000017482551584180328,6.141087993682959e-8,false,0.1-0.8nm
2022-09-12T15:16:00Z,16,5.587043716559492e-8,9.57840597948234e-8,3.9913622629228485e-8,false,0.05-0.4nm
2022-09-12T15:16:00Z,16,0.000001682326001173351,0.0000017443406932216021,6.201469204825116e-8,false,0.1-0.8nm
2022-09-12T15:17:00Z,16,5.4317808917403454e-8,9.326181782398635e-8,3.8944008906582894e-8,false,0.05-0.4nm
2022-09-12T15:17:00Z,16,0.0000016605240489298012,0.0000017220941117557231,6.157014098562286e-8,false,0.1-0.8nm
2022-09-12T15:18:00Z,16,5.500667654700919e-8,9.383636978554932e-8,3.882969323854013e-8,false,0.05-0.4nm
2022-09-12T15:18:00Z,16,0.0000016323272120644106,0.000001693521312517987,6.119406492643975e-8,false,0.1-0.8nm
2022-09-12T15:19:00Z,16,5.16533198435809e-8,9.005868406575246e-8,3.8405367774885235e-8,false,0.05-0.4nm
2022-09-12T15:19:00Z,16,0.0000016210630064961151,0.0000016821517192511237,6.108865591158974e-8,false,0.1-0.8nm
2022-09-12T15:20:00Z,16,5.168779537711998e-8,9.019812807764538e-8,3.8510332700525396e-8,false,0.05-0.4nm
2022-09-12T15:20:00Z,16,0.00000161167645273963,0.0000016729403569115675,6.126397522621119e-8,false,0.1-0.8nm
2022-09-12T15:21:00Z,16,5.06553021750733e-8,9.030548397959137e-8,3.965018180451807e-8,false,0.05-0.4nm
2022-09-12T15:21:00Z,16,0.000001589418388903141,0.0000016513512264282326,6.193290147393782e-8,false,0.1-0.8nm
2022-09-12T15:22:00Z,16,4.96196115307157e-8,8.920617489138749e-8,3.958656336067179e-8,false,0.05-0.4nm
2022-09-12T15:22:00Z,16,0.0000015869849221417098,0.000001648647980800888,6.166315102973385e-8,false,0.1-0.8nm
2022-09-12T15:23:00Z,16,4.839187539573686e-8,8.803339568430602e-8,3.9641520288569154e-8,false,0.05-0.4nm
2022-09-12T15:23:00Z,16,0.000001577173861733172,0.0000016388258927690913,6.165210209019278e-8,false,0.1-0.8nm
2022-09-12T15:24:00Z,16,4.80870987473736e-8,8.781299243310059e-8,3.972589368572699e-8,false,0.05-0.4nm
2022-09-12T15:24:00Z,16,0.000001571503503328131,0.0000016325836895703105,6.108022887474363e-8,false,0.1-0.8nm
2022-09-12T15:25:00Z,16,5.128021740574695e-8,9.009892920630591e-8,3.881870824784528e-8,false,0.05-0.4nm
2022-09-12T15:25:00Z,16,0.0000015922148577374173,0.0000016527809520994197,6.056605883486554e-8,false,0.1-0.8nm
2022-09-12T15:26:00Z,16,5.652224999153077e-8,9.561308189631745e-8,3.909083545750036e-8,false,0.05-0.4nm
2022-09-12T15:26:00Z,16,0.0000016396971886933898,0.0000017005420431814855,6.084480475010423e-8,false,0.1-0.8nm
2022-09-12T15:27:00Z,16,7.06428053831587e-8,1.095073116630374e-7,3.8864509832592375e-8,false,0.05-0.4nm
2022-09-12T15:27:00Z,16,0.0000017223368331542588,0.0000017824871747507132,6.015037001816381e-8,false,0.1-0.8nm
2022-09-12T15:28:00Z,16,6.387766404714057e-8,1.0231153169115714e-7,3.843387474944393e-8,false,0.05-0.4nm
2022-09-12T15:28:00Z,16,0.0000017099013120969175,0.0000017700508578855079,6.014960973743655e-8,false,0.1-0.8nm
2022-09-12T15:29:00Z,16,6.09844406085358e-8,1.0015352103209807e-7,3.916908752898962e-8,false,0.05-0.4nm
2022-09-12T15:29:00Z,16,0.0000016793380837043514,0.000001739607569106738,6.026947829695928e-8,false,0.1-0.8nm
2022-09-12T15:30:00Z,16,6.390803264366696e-8,1.026122689040676e-7,3.870423270768697e-8,false,0.05-0.4nm
2022-09-12T15:30:00Z,16,0.0000016980210375550087,0.0000017582023019713233,6.018125020545995e-8,false,0.1-0.8nm
2022-09-12T15:31:00Z,16,7.122310563545398e-8,1.1012701151003057e-7,3.8903905874576594e-8,false,0.05-0.4nm
2022-09-12T15:31:00Z,16,0.00000175079810560419,0.000001811144556995714,6.034644428609681e-8,false,0.1-0.8nm
2022-09-12T15:32:00Z,16,1.0572826170118788e-7,1.4425795313854906e-7,3.852969499007486e-8,false,0.05-0.4nm
2022-09-12T15:32:00Z,16,0.000002010573098232271,0.000002070315758828656,5.974262506924788e-8,false,0.1-0.8nm
2022-09-12T15:33:00Z,16,9.585367166664582e-8,1.3509739460459969e-7,3.924372649066754e-8,false,0.05-0.4nm
2022-09-12T15:33:00Z,16,0.000002028162953138235,0.0000020878510440525133,5.968814775769715e-8,false,0.1-0.8nm
2022-09-12T15:34:00Z,16,8.528419215281247e-8,1.239639288996841e-7,3.867973319415796e-8,false,0.05-0.4nm
2022-09-12T15:34:00Z,16,0.00000196347991732182,0.000002022609805862885,5.912985656664205e-8,false,0.1-0.8nm
2022-09-12T15:35:00Z,16,7.630313092477081e-8,1.1473857597366077e-7,3.843544149617628e-8,false,0.05-0.4nm
2022-09-12T15:35:00Z,16,0.0000019023591448785737,0.00000196143309949548,5.9073972380474515e-8,false,0.1-0.8nm
