Date,Temp_Max,Temp_Min,Temp_Avg,Temp_Departure,HDD,CDD,Prec,New_Snow_,Snow_Dept,FID
2020/01/01 00:00:00+00,60,40,50,-5,15,0,0,M,M,1
2020/07/31 00:00:00+00,116,91,103.5,9.1,0,39,0,0,0,2
2020/02/23 00:00:00+00,64,49,56.5,-4.5,8,0,T,0,0,3
2020/01/02 00:00:00+00,64,41,52.5,-2.6,12,0,T,M,M,4
2020/02/24 00:00:00+00,71,49,60,-1.2,5,0,0,0,0,5
2020/01/03 00:00:00+00,64,41,52.5,-2.7,12,0,0,M,M,6
2020/02/25 00:00:00+00,68,47,57.5,-3.9,7,0,0,0,0,7
2020/01/04 00:00:00+00,68,41,54.5,-0.8,10,0,0,M,M,8
2020/01/05 00:00:00+00,70,42,56,0.7,9,0,0,M,M,9
2020/04/16 00:00:00+00,86,56,71,-1.7,0,6,0,0,M,10
2020/02/26 00:00:00+00,67,46,56.5,-5.1,8,0,0,0,M,11
2020/02/27 00:00:00+00,77,45,61,-0.8,4,0,0,0,M,12
2020/04/17 00:00:00+00,89,58,73.5,0.5,0,9,0,0,M,13
2020/01/06 00:00:00+00,71,41,56,0.6,9,0,0,M,M,14
2020/01/07 00:00:00+00,73,43,58,2.5,7,0,0,M,M,15
2020/04/18 00:00:00+00,80,58,69,-4.3,0,4,0,0,M,16
2020/02/28 00:00:00+00,77,51,64,2.1,1,0,0,0,M,17
2020/04/19 00:00:00+00,83,59,71,-2.7,0,6,0,0,M,18
2020/09/22 00:00:00+00,103,84,93.5,7.1,0,29,T,0,0,19
2020/06/08 00:00:00+00,90,75,82.5,-6.4,0,18,0,0,0,20
2020/01/08 00:00:00+00,68,45,56.5,0.9,8,0,0,M,M,21
2020/02/29 00:00:00+00,79,51,65,3,0,0,0,0,0,22
2020/06/09 00:00:00+00,94,74,84,-5.2,0,19,0,0,M,23
2020/09/23 00:00:00+00,105,77,91,5,0,26,0,0,0,24
2020/04/20 00:00:00+00,87,62,74.5,0.5,0,10,0,0,M,25
2020/08/01 00:00:00+00,111,93,102,7.7,0,37,0,M,M,26
2020/01/09 00:00:00+00,64,46,55,-0.7,10,0,0,M,M,27
2020/03/01 00:00:00+00,77,53,65,2.9,0,0,0,0,0,28
2020/09/24 00:00:00+00,106,77,91.5,5.9,0,27,0,0,0,29
2020/06/10 00:00:00+00,105,72,88.5,-1,0,24,0,0,M,30
2020/04/21 00:00:00+00,83,63,73,-1.3,0,8,0,0,0,31
2020/08/02 00:00:00+00,109,93,101,6.7,0,36,0,M,M,32
2020/03/02 00:00:00+00,70,50,60,-2.3,5,0,0,0,0,33
2020/01/10 00:00:00+00,64,43,53.5,-2.3,11,0,0,M,M,34
2020/11/14 00:00:00+00,75,49,62,-2.7,3,0,0,0,0,35
2020/06/11 00:00:00+00,108,75,91.5,1.8,0,27,0,0,M,36
2020/09/25 00:00:00+00,105,78,91.5,6.3,0,27,0,0,0,37
2020/03/03 00:00:00+00,76,52,64,1.5,1,0,T,0,0,38
2020/04/22 00:00:00+00,91,61,76,1.4,0,11,0,0,M,39
2020/08/03 00:00:00+00,114,89,101.5,7.3,0,37,0,M,M,40
2020/06/12 00:00:00+00,110,80,95,5,0,30,0,0,M,41
2020/11/15 00:00:00+00,82,50,66,1.7,0,1,0,0,0,42
2020/01/11 00:00:00+00,63,40,51.5,-4.4,13,0,0,M,M,43
2020/03/04 00:00:00+00,75,51,63,0.3,2,0,0,0,0,44
2020/04/23 00:00:00+00,97,65,81,6.1,0,16,0,0,M,45
2020/09/26 00:00:00+00,103,77,90,5.2,0,25,0,0,0,46
2020/11/16 00:00:00+00,92,54,73,9.2,0,8,0,0,0,47
2020/08/04 00:00:00+00,111,87,99,4.8,0,34,0,M,M,48
2020/06/13 00:00:00+00,106,79,92.5,2.2,0,28,0,0,M,49
2020/03/05 00:00:00+00,84,54,69,6.1,0,4,0,0,M,50
2020/04/24 00:00:00+00,98,69,83.5,8.3,0,19,0,0,M,51
2020/01/12 00:00:00+00,65,38,51.5,-4.5,13,0,0,M,M,52
2020/09/27 00:00:00+00,102,76,89,4.6,0,24,0,0,0,53
2020/11/17 00:00:00+00,92,61,76.5,13.1,0,12,0,0,0,54
2020/08/05 00:00:00+00,112,90,101,6.9,0,36,0,M,M,55
2020/06/14 00:00:00+00,107,74,90.5,-0.1,0,26,0,0,M,56
2020/03/06 00:00:00+00,86,59,72.5,9.4,0,8,0,0,0,57
2020/04/25 00:00:00+00,99,70,84.5,8.9,0,20,0,0,M,58
2020/01/13 00:00:00+00,69,41,55,-1.1,10,0,0,M,M,59
2020/11/18 00:00:00+00,89,61,75,12.1,0,10,0,0,0,60
2020/09/28 00:00:00+00,104,74,89,5,0,24,0,0,0,61
2020/08/06 00:00:00+00,109,83,96,1.9,0,31,0,M,M,62
2020/06/15 00:00:00+00,106,77,91.5,0.7,0,27,0,0,M,63
2020/04/26 00:00:00+00,102,71,86.5,10.6,0,22,0,0,0,64
2020/03/07 00:00:00+00,85,60,72.5,9.2,0,8,0,0,0,65
2020/11/19 00:00:00+00,87,60,73.5,11,0,9,0,0,0,66
2020/01/14 00:00:00+00,70,42,56,-0.2,9,0,0,M,M,67
2020/06/16 00:00:00+00,106,77,91.5,0.4,0,27,0,0,M,68
2020/09/29 00:00:00+00,102,78,90,6.4,0,25,0,0,0,69
2020/08/07 00:00:00+00,109,83,96,2,0,31,0,M,M,70
2020/04/27 00:00:00+00,102,73,87.5,11.3,0,23,0,0,0,71
2020/03/08 00:00:00+00,75,61,68,4.5,0,3,0,0,0,72
2020/01/15 00:00:00+00,69,47,58,1.7,7,0,0,M,M,73
2020/11/20 00:00:00+00,87,59,73,10.9,0,8,0,0,0,74
2020/09/30 00:00:00+00,105,77,91,7.8,0,26,0,0,M,75
2020/06/17 00:00:00+00,104,76,90,-1.4,0,25,0,0,M,76
2020/08/08 00:00:00+00,111,88,99.5,5.5,0,35,0,M,M,77
2020/03/09 00:00:00+00,79,55,67,3.3,0,2,0,0,M,78
2020/01/16 00:00:00+00,66,51,58.5,2.1,6,0,0,M,M,79
2020/04/28 00:00:00+00,101,69,85,8.5,0,20,0,0,0,80
2020/11/21 00:00:00+00,85,61,73,11.3,0,8,0,0,0,81
2020/06/18 00:00:00+00,103,76,89.5,-2.1,0,25,0,0,0,82
2020/10/01 00:00:00+00,107,76,91.5,8.8,0,27,0,0,0,83
2020/08/09 00:00:00+00,112,84,98,4.1,0,33,0,M,M,84
2020/03/10 00:00:00+00,73,60,66.5,2.6,0,2,0.28,0,0,85
2020/01/17 00:00:00+00,65,45,55,-1.5,10,0,0,M,M,86
2020/06/19 00:00:00+00,102,76,89,-2.9,0,24,0,0,0,87
2020/11/22 00:00:00+00,84,60,72,10.7,0,7,0,0,0,88
2020/04/29 00:00:00+00,104,73,88.5,11.7,0,24,0,0,0,89
2020/10/02 00:00:00+00,106,75,90.5,8.2,0,26,0,0,0,90
2020/03/11 00:00:00+00,66,61,63.5,-0.6,1,0,0.67,0,0,91
2020/08/10 00:00:00+00,111,84,97.5,3.6,0,33,0,M,M,92
2020/06/20 00:00:00+00,105,77,91,-1.1,0,26,0,0,0,93
2020/11/23 00:00:00+00,80,58,69,8.1,0,4,0,0,0,94
2020/01/18 00:00:00+00,70,42,56,-0.6,9,0,0,M,M,95
2020/04/30 00:00:00+00,101,75,88,10.8,0,23,0,0,M,96
2020/03/12 00:00:00+00,71,57,64,-0.4,1,0,0.43,0,0,97
2020/10/03 00:00:00+00,105,73,89,7.1,0,24,0,0,0,98
2020/08/11 00:00:00+00,109,89,99,5.1,0,34,0,M,M,99
2020/11/24 00:00:00+00,72,53,62.5,2,2,0,0,0,0,100
2020/06/21 00:00:00+00,108,81,94.5,2.1,0,30,0,0,0,101
2020/03/13 00:00:00+00,66,53,59.5,-5.1,5,0,0.4,0,0,102
2020/05/01 00:00:00+00,101,69,85,7.5,0,20,0,M,M,103
2020/01/19 00:00:00+00,76,44,60,3.3,5,0,0,M,M,104
2020/08/12 00:00:00+00,111,89,100,6.2,0,35,0,M,M,105
2020/10/04 00:00:00+00,105,71,88,6.5,0,23,0,0,0,106
2020/11/25 00:00:00+00,72,48,60,-0.1,5,0,0,0,0,107
2020/03/14 00:00:00+00,73,50,61.5,-3.3,3,0,0,0,0,108
2020/10/05 00:00:00+00,105,71,88,6.9,0,23,0,0,0,109
2020/08/13 00:00:00+00,115,91,103,9.2,0,38,0,M,M,110
2020/05/02 00:00:00+00,99,71,85,7.2,0,20,0,M,M,111
2020/06/22 00:00:00+00,109,81,95,2.4,0,30,0,0,0,112
2020/01/20 00:00:00+00,74,55,64.5,7.7,0,0,0,M,M,113
2020/03/15 00:00:00+00,77,53,65,0,0,0,0,0,0,114
2020/06/23 00:00:00+00,110,83,96.5,3.7,0,32,0,0,0,115
2020/10/06 00:00:00+00,104,72,88,7.3,0,23,0,0,0,116
2020/01/21 00:00:00+00,64,53,58.5,1.6,6,0,0.19,M,M,117
2020/05/03 00:00:00+00,97,70,83.5,5.4,0,19,0,M,M,118
2020/08/14 00:00:00+00,117,89,103,9.3,0,38,0,M,M,119
2020/03/16 00:00:00+00,78,53,65.5,0.3,0,1,0,0,M,120
2020/11/26 00:00:00+00,72,45,58.5,-1.2,6,0,0,0,0,121
2020/06/24 00:00:00+00,111,81,96,3,0,31,0,0,M,122
2020/10/07 00:00:00+00,103,73,88,7.7,0,23,0,0,0,123
2020/01/22 00:00:00+00,64,51,57.5,0.5,7,0,0,M,M,124
2020/05/04 00:00:00+00,99,69,84,5.6,0,19,0,M,M,125
2020/08/15 00:00:00+00,114,92,103,9.3,0,38,0,M,M,126
2020/03/17 00:00:00+00,75,58,66.5,1.1,0,2,0,0,0,127
2020/11/27 00:00:00+00,65,47,56,-3.3,9,0,0,0,0,128
2020/06/25 00:00:00+00,110,82,96,2.8,0,31,0,0,M,129
2020/10/08 00:00:00+00,102,72,87,7.2,0,22,0,0,0,130
2020/01/23 00:00:00+00,71,47,59,1.9,6,0,0,M,M,131
2020/05/05 00:00:00+00,103,71,87,8.2,0,22,0,M,M,132
2020/08/16 00:00:00+00,115,91,103,9.4,0,38,0,M,M,133
2020/03/18 00:00:00+00,69,50,59.5,-6.1,5,0,0.15,0,0,134
2020/11/28 00:00:00+00,71,44,57.5,-1.4,7,0,0,0,0,135
2020/06/26 00:00:00+00,110,82,96,2.6,0,31,0,0,M,136
2020/10/09 00:00:00+00,100,72,86,6.6,0,21,0,0,0,137
2020/01/24 00:00:00+00,73,48,60.5,3.3,4,0,0,M,M,138
2020/05/06 00:00:00+00,106,74,90,10.9,0,25,0,0,M,139
2020/03/19 00:00:00+00,65,49,57,-8.8,8,0,0.01,0,0,140
2020/08/17 00:00:00+00,115,90,102.5,8.9,0,38,T,M,M,141
2020/11/29 00:00:00+00,73,44,58.5,-0.1,6,0,0,0,M,142
2020/06/27 00:00:00+00,108,84,96,2.4,0,31,0,0,0,143
2020/10/10 00:00:00+00,97,70,83.5,4.5,0,19,0,0,0,144
2020/01/25 00:00:00+00,73,48,60.5,3.3,4,0,0,0,0,145
2020/05/07 00:00:00+00,106,72,89,9.6,0,24,0,0,0,146
2020/03/20 00:00:00+00,71,48,59.5,-6.5,5,0,0,0,0,147
2020/08/18 00:00:00+00,115,90,102.5,9,0,38,0,M,M,148
2020/11/30 00:00:00+00,74,49,61.5,3.3,3,0,0,0,M,149
2020/06/28 00:00:00+00,105,81,93,-0.8,0,28,0,0,0,150
2020/10/11 00:00:00+00,94,69,81.5,2.9,0,17,0,0,0,151
2020/01/26 00:00:00+00,73,49,61,3.7,4,0,0,0,0,152
2020/05/08 00:00:00+00,104,74,89,9.3,0,24,0,0,0,153
2020/03/21 00:00:00+00,75,52,63.5,-2.7,1,0,0,0,0,154
2020/08/19 00:00:00+00,115,91,103,9.5,0,38,0,0,0,155
2020/12/01 00:00:00+00,71,45,58,0.1,7,0,0,0,0,156
2020/06/29 00:00:00+00,101,81,91,-2.9,0,26,0,0,0,157
2020/10/12 00:00:00+00,99,68,83.5,5.3,0,19,0,0,0,158
2020/01/27 00:00:00+00,74,51,62.5,5.1,2,0,0,0,0,159
2020/05/09 00:00:00+00,101,77,89,9,0,24,0,0,M,160
2020/03/22 00:00:00+00,73,55,64,-2.4,1,0,0,0,0,161
2020/08/20 00:00:00+00,112,79,95.5,2.1,0,31,0.9,0,0,162
2020/12/02 00:00:00+00,69,44,56.5,-1.1,8,0,0,0,0,163
2020/06/30 00:00:00+00,100,76,88,-6.1,0,23,0,0,M,164
2020/10/13 00:00:00+00,100,69,84.5,6.7,0,20,0,0,0,165
2020/01/28 00:00:00+00,72,46,59,1.5,6,0,0,0,0,166
2020/05/10 00:00:00+00,100,81,90.5,10.2,0,26,T,0,M,167
2020/03/23 00:00:00+00,77,59,68,1.4,0,3,0,0,0,168
2020/08/21 00:00:00+00,100,81,90.5,-2.9,0,26,0,0,0,169
2020/12/03 00:00:00+00,66,48,57,-0.3,8,0,0,0,0,170
2020/07/01 00:00:00+00,105,76,90.5,-3.7,0,26,0,0,0,171
2020/10/14 00:00:00+00,100,67,83.5,6.1,0,19,0,0,0,172
2020/01/29 00:00:00+00,67,47,57,-0.6,8,0,0,0,0,173
2020/05/11 00:00:00+00,100,76,88,7.4,0,23,0,0,M,174
2020/03/24 00:00:00+00,77,55,66,-0.8,0,1,0,0,0,175
2020/08/22 00:00:00+00,106,87,96.5,3.2,0,32,0,0,0,176
2020/12/04 00:00:00+00,68,41,54.5,-2.5,10,0,0,0,0,177
2020/07/02 00:00:00+00,104,80,92,-2.4,0,27,0,0,0,178
2020/10/15 00:00:00+00,99,69,84,7,0,19,0,0,0,179
2020/01/30 00:00:00+00,70,45,57.5,-0.2,7,0,0,0,M,180
2020/05/12 00:00:00+00,96,73,84.5,3.6,0,20,0,0,M,181
2020/03/25 00:00:00+00,77,55,66,-1.1,0,1,0,0,M,182
2020/08/23 00:00:00+00,110,89,99.5,6.3,0,35,0,0,0,183
2020/12/05 00:00:00+00,71,42,56.5,-0.2,8,0,0,0,0,184
2020/07/03 00:00:00+00,105,85,95,0.5,0,30,0,0,M,185
2020/10/16 00:00:00+00,102,68,85,8.4,0,20,0,0,0,186
2020/01/31 00:00:00+00,73,44,58.5,0.7,6,0,0,0,M,187
2020/05/13 00:00:00+00,91,70,80.5,-0.7,0,16,0,0,0,188
2020/03/26 00:00:00+00,70,59,64.5,-2.8,0,0,0,0,M,189
2020/08/24 00:00:00+00,115,90,102.5,9.3,0,38,0,0,0,190
2020/12/06 00:00:00+00,71,42,56.5,0,8,0,0,0,0,191
2020/07/04 00:00:00+00,110,86,98,3.4,0,33,0,0,M,192
2020/10/17 00:00:00+00,97,69,83,6.8,0,18,0,0,0,193
2020/02/01 00:00:00+00,78,46,62,4.1,3,0,0,M,M,194
2020/05/14 00:00:00+00,91,69,80,-1.5,0,15,0,0,0,195
2020/03/27 00:00:00+00,66,52,59,-8.5,6,0,T,0,0,196
2020/08/25 00:00:00+00,112,91,101.5,8.4,0,37,0,0,0,197
2020/12/07 00:00:00+00,80,44,62,5.7,3,0,0,0,0,198
2020/07/05 00:00:00+00,112,87,99.5,4.8,0,35,0,0,M,199
2020/10/18 00:00:00+00,96,65,80.5,4.7,0,16,0,0,0,200
2020/02/02 00:00:00+00,79,49,64,6,1,0,0,M,M,201
2020/05/15 00:00:00+00,94,69,81.5,-0.3,0,17,0,0,0,202
2020/05/16 00:00:00+00,98,71,84.5,2.4,0,20,0,0,0,203
2020/05/17 00:00:00+00,102,74,88,5.6,0,23,0,0,M,204
2020/05/18 00:00:00+00,101,73,87,4.3,0,22,0,0,M,205
2020/05/19 00:00:00+00,91,72,81.5,-1.5,0,17,0,0,0,206
2020/05/20 00:00:00+00,86,63,74.5,-8.8,0,10,0,0,M,207
2020/05/21 00:00:00+00,92,64,78,-5.6,0,13,0,0,M,208
2020/05/22 00:00:00+00,96,66,81,-2.9,0,16,0,0,M,209
2020/05/23 00:00:00+00,95,70,82.5,-1.7,0,18,0,0,0,210
2020/05/24 00:00:00+00,95,71,83,-1.5,0,18,0,0,0,211
2020/05/25 00:00:00+00,97,70,83.5,-1.3,0,19,0,0,0,212
2020/05/26 00:00:00+00,103,72,87.5,2.4,0,23,0,0,0,213
2020/05/27 00:00:00+00,107,74,90.5,5.1,0,26,0,0,M,214
2020/05/28 00:00:00+00,109,79,94,8.3,0,29,0,0,M,215
2020/05/29 00:00:00+00,112,82,97,11,0,32,0,0,M,216
2020/05/30 00:00:00+00,111,84,97.5,11.2,0,33,0,0,M,217
2020/05/31 00:00:00+00,107,83,95,8.4,0,30,0,0,M,218
2020/06/01 00:00:00+00,105,82,93.5,6.7,0,29,0,0,0,219
2020/06/02 00:00:00+00,107,87,97,9.9,0,32,0,0,0,220
2020/06/03 00:00:00+00,110,85,97.5,10.1,0,33,0,0,M,221
2020/06/04 00:00:00+00,112,84,98,10.3,0,33,0,0,0,222
2020/06/05 00:00:00+00,107,85,96,8,0,31,T,0,0,223
2020/06/06 00:00:00+00,93,74,83.5,-4.8,0,19,0,0,0,224
2020/06/07 00:00:00+00,97,76,86.5,-2.1,0,22,0,0,0,225
2020/03/28 00:00:00+00,71,47,59,-8.7,6,0,0,0,0,226
2020/03/29 00:00:00+00,77,53,65,-2.9,0,0,0,0,M,227
2020/03/30 00:00:00+00,77,53,65,-3.2,0,0,0,0,M,228
2020/03/31 00:00:00+00,79,55,67,-1.4,0,2,0,0,0,229
2020/04/01 00:00:00+00,85,60,72.5,3.8,0,8,0,0,M,230
2020/04/02 00:00:00+00,85,57,71,2.1,0,6,0,0,M,231
2020/04/03 00:00:00+00,84,57,70.5,1.4,0,6,0,0,M,232
2020/04/04 00:00:00+00,84,57,70.5,1.1,0,6,0,0,0,233
2020/04/05 00:00:00+00,86,58,72,2.4,0,7,0,0,M,234
2020/04/06 00:00:00+00,85,58,71.5,1.6,0,7,0,0,M,235
2020/04/07 00:00:00+00,84,56,70,-0.2,0,5,0,0,M,236
2020/04/08 00:00:00+00,83,58,70.5,0.1,0,6,0,0,M,237
2020/04/09 00:00:00+00,74,54,64,-6.7,1,0,0,0,M,238
2020/04/10 00:00:00+00,79,53,66,-5,0,1,0,0,M,239
2020/04/11 00:00:00+00,71,57,64,-7.3,1,0,0.08,0,M,240
2020/04/12 00:00:00+00,77,52,64.5,-7,0,0,0,0,M,241
2020/04/13 00:00:00+00,78,59,68.5,-3.3,0,4,0,0,0,242
2020/04/14 00:00:00+00,80,59,69.5,-2.6,0,5,0,0,M,243
2020/04/15 00:00:00+00,83,55,69,-3.4,0,4,0,0,M,244
2020/12/08 00:00:00+00,79,52,65.5,9.5,0,1,0,0,0,245
2020/12/09 00:00:00+00,80,53,66.5,10.7,0,2,0.01,0,0,246
2020/12/10 00:00:00+00,61,52,56.5,0.9,8,0,0.44,0,0,247
2020/12/11 00:00:00+00,65,48,56.5,1,8,0,0,0,0,248
2020/12/12 00:00:00+00,66,47,56.5,1.2,8,0,0,0,0,249
2020/12/13 00:00:00+00,61,40,50.5,-4.6,14,0,0,0,0,250
2020/12/14 00:00:00+00,63,44,53.5,-1.5,11,0,0,0,0,251
2020/12/15 00:00:00+00,62,39,50.5,-4.4,14,0,0,0,0,252
2020/12/16 00:00:00+00,64,40,52,-2.8,13,0,0,0,0,253
2020/12/17 00:00:00+00,63,42,52.5,-2.2,12,0,0,0,0,254
2020/12/18 00:00:00+00,65,40,52.5,-2.2,12,0,0,0,0,255
2020/12/19 00:00:00+00,68,40,54,-0.6,11,0,0,0,0,256
2020/12/20 00:00:00+00,69,40,54.5,-0.1,10,0,0,0,0,257
2020/12/21 00:00:00+00,76,43,59.5,4.9,5,0,0,0,0,258
2020/12/22 00:00:00+00,70,45,57.5,3,7,0,0,0,0,259
2020/12/23 00:00:00+00,69,41,55,0.4,10,0,0,0,0,260
2020/12/24 00:00:00+00,61,38,49.5,-5.1,15,0,0,0,0,261
2020/12/25 00:00:00+00,71,42,56.5,1.9,8,0,0,0,M,262
2020/12/26 00:00:00+00,70,44,57,2.4,8,0,0,0,M,263
2020/12/27 00:00:00+00,71,43,57,2.3,8,0,0,0,M,264
2020/12/28 00:00:00+00,68,50,59,4.3,6,0,0,0,0,265
2020/12/29 00:00:00+00,61,44,52.5,-2.3,12,0,0,0,0,266
2020/12/30 00:00:00+00,65,40,52.5,-2.3,12,0,0,0,0,267
2020/12/31 00:00:00+00,60,41,50.5,-4.4,14,0,0,0,M,268
2020/08/26 00:00:00+00,112,89,100.5,7.5,0,36,0,0,0,269
2020/02/03 00:00:00+00,65,45,55,-3.1,10,0,0,M,M,270
2020/08/27 00:00:00+00,113,89,101,8.1,0,36,0,0,0,271
2020/02/04 00:00:00+00,55,35,45,-13.2,20,0,0,M,M,272
2020/08/28 00:00:00+00,112,90,101,8.2,0,36,0,0,0,273
2020/02/05 00:00:00+00,55,35,45,-13.3,20,0,0,M,M,274
2020/08/29 00:00:00+00,103,83,93,0.3,0,28,T,0,0,275
2020/02/06 00:00:00+00,61,36,48.5,-9.9,16,0,0,M,M,276
2020/08/30 00:00:00+00,103,77,90,-2.5,0,25,0,0,0,277
2020/02/07 00:00:00+00,67,41,54,-4.6,11,0,0,M,M,278
2020/08/31 00:00:00+00,100,78,89,-3.4,0,24,0,0,M,279
2020/02/08 00:00:00+00,72,44,58,-0.7,7,0,0,M,M,280
2020/09/01 00:00:00+00,102,84,93,0.8,0,28,0,0,0,281
2020/02/09 00:00:00+00,76,47,61.5,2.7,3,0,0,M,M,282
2020/09/02 00:00:00+00,102,85,93.5,1.4,0,29,0,0,0,283
2020/02/10 00:00:00+00,72,52,62,3.1,3,0,0.06,M,M,284
2020/09/03 00:00:00+00,107,86,96.5,4.6,0,32,0,0,0,285
2020/02/11 00:00:00+00,60,47,53.5,-5.6,11,0,0.24,M,M,286
2020/09/04 00:00:00+00,114,84,99,7.3,0,34,0,0,0,287
2020/02/12 00:00:00+00,64,43,53.5,-5.7,11,0,0,M,M,288
2020/09/05 00:00:00+00,115,88,101.5,10,0,37,0,0,0,289
2020/10/19 00:00:00+00,97,66,81.5,6.1,0,17,0,0,0,290
2020/07/06 00:00:00+00,111,83,97,2.2,0,32,0,0,0,291
2020/02/13 00:00:00+00,68,43,55.5,-3.8,9,0,0,M,M,292
2020/09/06 00:00:00+00,113,89,101,9.7,0,36,0,0,0,293
2020/10/20 00:00:00+00,97,67,82,7,0,17,0,0,0,294
2020/07/07 00:00:00+00,111,84,97.5,2.7,0,33,0,0,0,295
2020/02/14 00:00:00+00,72,48,60,0.5,5,0,0,M,M,296
2020/09/07 00:00:00+00,109,85,97,5.9,0,32,0,0,0,297
2020/09/08 00:00:00+00,99,80,89.5,-1.4,0,25,0,0,0,298
2020/09/09 00:00:00+00,90,70,80,-10.6,0,15,0,0,0,299
2020/09/10 00:00:00+00,93,69,81,-9.4,0,16,0,0,0,300
2020/09/11 00:00:00+00,93,72,82.5,-7.6,0,18,0,0,0,301
2020/09/12 00:00:00+00,99,72,85.5,-4.3,0,21,0,0,0,302
2020/09/13 00:00:00+00,103,74,88.5,-1,0,24,0,0,0,303
2020/09/14 00:00:00+00,105,77,91,1.8,0,26,0,0,0,304
2020/09/15 00:00:00+00,105,80,92.5,3.6,0,28,0,0,0,305
2020/09/16 00:00:00+00,109,78,93.5,4.9,0,29,0,0,0,306
2020/09/17 00:00:00+00,109,77,93,4.8,0,28,0,0,0,307
2020/09/18 00:00:00+00,107,80,93.5,5.6,0,29,0,0,0,308
2020/09/19 00:00:00+00,104,82,93,5.5,0,28,0,0,0,309
2020/09/20 00:00:00+00,106,78,92,4.9,0,27,0,0,0,310
2020/09/21 00:00:00+00,103,81,92,5.2,0,27,0,0,0,311
2020/10/21 00:00:00+00,97,67,82,7.4,0,17,0,0,0,312
2020/10/22 00:00:00+00,94,67,80.5,6.3,0,16,0,0,0,313
2020/10/23 00:00:00+00,94,69,81.5,7.7,0,17,0,0,0,314
2020/10/24 00:00:00+00,87,70,78.5,5,0,14,0,0,0,315
2020/10/25 00:00:00+00,88,69,78.5,5.4,0,14,0,0,0,316
2020/10/26 00:00:00+00,73,54,63.5,-9.2,1,0,0,0,0,317
2020/10/27 00:00:00+00,68,50,59,-13.3,6,0,0,0,0,318
2020/10/28 00:00:00+00,70,48,59,-12.9,6,0,0,0,0,319
2020/10/29 00:00:00+00,85,53,69,-2.5,0,4,0,0,0,320
2020/10/30 00:00:00+00,87,60,73.5,2.4,0,9,0,0,0,321
2020/10/31 00:00:00+00,86,61,73.5,2.8,0,9,0,0,0,322
2020/11/01 00:00:00+00,96,64,80,9.8,0,15,0,0,0,323
2020/11/02 00:00:00+00,95,68,81.5,11.7,0,17,0,0,0,324
2020/11/03 00:00:00+00,93,68,80.5,11.1,0,16,0,0,0,325
2020/11/04 00:00:00+00,93,64,78.5,9.5,0,14,0,0,0,326
2020/11/05 00:00:00+00,99,62,80.5,11.9,0,16,0,0,0,327
2020/11/06 00:00:00+00,89,72,80.5,12.3,0,16,0,0,0,328
2020/11/07 00:00:00+00,81,59,70,2.3,0,5,T,0,0,329
2020/11/08 00:00:00+00,67,52,59.5,-7.8,5,0,0,0,0,330
2020/02/15 00:00:00+00,73,46,59.5,-0.1,5,0,0,0,0,331
2020/11/09 00:00:00+00,62,50,56,-10.9,9,0,T,0,0,332
2020/07/08 00:00:00+00,111,90,100.5,5.6,0,36,0,0,0,333
2020/02/16 00:00:00+00,74,46,60,0.2,5,0,0,0,0,334
2020/11/10 00:00:00+00,67,45,56,-10.4,9,0,0,0,0,335
2020/07/09 00:00:00+00,110,90,100,5,0,35,0,0,0,336
2020/02/17 00:00:00+00,76,49,62.5,2.5,2,0,0,0,0,337
2020/11/11 00:00:00+00,71,44,57.5,-8.5,7,0,0,0,0,338
2020/07/10 00:00:00+00,111,91,101,6,0,36,0,0,0,339
2020/02/18 00:00:00+00,79,51,65,4.9,0,0,0,0,M,340
2020/11/12 00:00:00+00,73,49,61,-4.6,4,0,0,0,0,341
2020/07/11 00:00:00+00,115,94,104.5,9.5,0,40,0,0,0,342
2020/02/19 00:00:00+00,79,53,66,5.7,0,1,0,0,0,343
2020/11/13 00:00:00+00,77,50,63.5,-1.6,1,0,0,0,0,344
2020/07/12 00:00:00+00,116,93,104.5,9.4,0,40,0,0,M,345
2020/02/20 00:00:00+00,82,51,66.5,6,0,2,0,0,M,346
2020/07/13 00:00:00+00,114,93,103.5,8.4,0,39,0,0,0,347
2020/02/21 00:00:00+00,77,62,69.5,8.9,0,5,0,0,M,348
2020/07/14 00:00:00+00,111,90,100.5,5.4,0,36,0,0,0,349
2020/02/22 00:00:00+00,69,56,62.5,1.7,2,0,1.04,0,0,350
2020/07/15 00:00:00+00,109,89,99,3.9,0,34,0,0,0,351
2020/07/16 00:00:00+00,111,88,99.5,4.4,0,35,0,0,0,352
2020/07/17 00:00:00+00,109,90,99.5,4.4,0,35,0,0,0,353
2020/07/18 00:00:00+00,111,91,101,6,0,36,0,0,0,354
2020/07/19 00:00:00+00,108,93,100.5,5.5,0,36,0,0,M,355
2020/07/20 00:00:00+00,103,93,98,3,0,33,T,0,M,356
2020/07/21 00:00:00+00,109,89,99,4.1,0,34,0,0,0,357
2020/07/22 00:00:00+00,107,88,97.5,2.6,0,33,0,0,M,358
2020/07/23 00:00:00+00,98,86,92,-2.8,0,27,0,0,0,359
2020/07/24 00:00:00+00,104,79,91.5,-3.3,0,27,0.1,0,0,360
2020/07/25 00:00:00+00,105,82,93.5,-1.2,0,29,0,0,M,361
2020/07/26 00:00:00+00,110,86,98,3.3,0,33,0,0,0,362
2020/07/27 00:00:00+00,111,90,100.5,5.9,0,36,0,0,0,363
2020/07/28 00:00:00+00,115,90,102.5,7.9,0,38,0,0,0,364
2020/07/29 00:00:00+00,115,91,103,8.5,0,38,0,0,0,365
2020/07/30 00:00:00+00,118,91,104.5,10,0,40,0,0,M,366
